Model,Precision,Recall,F1-Score,PR-AUC,False Alarm Rate,Alert Rate,Scenario,Setting,Mean_Latency,P95_Latency,Throughput
XGBoost,0.999972442680776,1.0,0.999986221150534,1.0,1.5695383987569255e-05,0.36288,S0_Baseline,,,,
RandomForest,1.0,1.0,1.0,1.0,0.0,0.36287,S0_Baseline,,,,
IsolationForest,0.0,0.0,0.0,0.2571980522843843,0.1292200963696576,0.08233,S0_Baseline,,,,
LOF,0.0403,0.0111059056962548,0.0174130965497871,0.2577319465621967,0.1506286001287021,0.1,S0_Baseline,,,,
DBSCAN,0.0,0.0,0.0,,0.0012085445670428,0.00077,S0_Baseline,,,,
XGBoost,0.999972442680776,1.0,0.999986221150534,1.0,1.5695383987569255e-05,0.36288,S1_Imbalance,Ratio_1.0,,,
RandomForest,1.0,1.0,1.0,1.0,0.0,0.36287,S1_Imbalance,Ratio_1.0,,,
XGBoost,0.9999724411618808,0.9999448838426984,0.9999586623124302,0.9999999977216254,1.5695383987569255e-05,0.36286,S1_Imbalance,Ratio_0.1,,,
RandomForest,1.0,0.9999448838426984,0.9999724411618808,1.0,0.0,0.36285,S1_Imbalance,Ratio_0.1,,,
XGBoost,0.9999724411618808,0.9999448838426984,0.9999586623124302,0.9999999984811044,1.5695383987569255e-05,0.36286,S1_Imbalance,Ratio_0.02,,,
RandomForest,1.0,0.9995866288202386,0.9997932716823552,1.0,0.0,0.36272,S1_Imbalance,Ratio_0.02,,,
XGBoost,0.99997244040237,0.9999173257640476,0.9999448823237612,0.9999861803686008,1.5695383987569255e-05,0.36285,S1_Imbalance,Ratio_0.01,,,
RandomForest,1.0,0.9995866288202386,0.9997932716823552,0.9999999984811044,0.0,0.36272,S1_Imbalance,Ratio_0.01,,,
XGBoost,0.9987138263665596,0.2567861768677488,0.4085319069645088,0.9636295001002804,0.0001883446078508,0.0933,S2_NoiseRobustness,Noise_Std0.01,,,
RandomForest,1.0,0.0894535233003555,0.1642172362330205,0.8813757203505402,0.0,0.03246,S2_NoiseRobustness,Noise_Std0.01,,,
IsolationForest,0.3627541219785497,0.999200815719128,0.5322704952326426,0.2903892743841592,0.9997017877042362,0.99952,S2_NoiseRobustness,Noise_Std0.01,,,
LOF,0.9908,0.2730454432716951,0.4281115648022123,0.9048854137778268,0.0014439753268563,0.1,S2_NoiseRobustness,Noise_Std0.01,,,
DBSCAN,0.0,0.0,0.0,,0.0012085445670428,0.00077,S2_NoiseRobustness,Noise_Std0.01,,,
XGBoost,0.9978053330407112,0.2505856091713285,0.4005726872246696,0.9089502100205202,0.0003139076797513,0.09113,S2_NoiseRobustness,Noise_Std0.05,,,
RandomForest,1.0,0.045140132829939,0.0863810151615029,0.796923035508137,0.0,0.01638,S2_NoiseRobustness,Noise_Std0.05,,,
IsolationForest,0.3628636286362863,0.9999724419213492,0.5324978354343073,0.3050422753510939,1.0,0.99999,S2_NoiseRobustness,Noise_Std0.05,,,
LOF,0.9979,0.2750020668558988,0.4311793808196686,0.9292916745995397,0.0003296030637389,0.1,S2_NoiseRobustness,Noise_Std0.05,,,
DBSCAN,0.0,0.0,0.0,,0.0018363599265456,0.00117,S2_NoiseRobustness,Noise_Std0.05,,,
XGBoost,1.0,0.979524347562488,0.989656276537985,0.9999931248121128,0.0,0.35544,S2_NoiseRobustness,Missing_Rate0.01,,,
RandomForest,1.0,0.9941576873260396,0.9970702855089688,1.0,0.0,0.36075,S2_NoiseRobustness,Missing_Rate0.01,,,
IsolationForest,0.0,0.0,0.0,0.2584390410623635,0.1284981087062295,0.08187,S2_NoiseRobustness,Missing_Rate0.01,,,
LOF,0.6386,0.1759858902637308,0.2759306068658587,0.4232409930617625,0.0567231177310752,0.1,S2_NoiseRobustness,Missing_Rate0.01,,,
DBSCAN,0.0,0.0,0.0,,0.002511261438011,0.0016,S2_NoiseRobustness,Missing_Rate0.01,,,
XGBoost,0.9999388902468834,0.9018656819246562,0.9483735419836268,0.9998935527595012,3.139076797513851e-05,0.32728,S2_NoiseRobustness,Missing_Rate0.05,,,
RandomForest,1.0,0.9649185658775872,0.9821461129577426,0.9999999243740748,0.0,0.35014,S2_NoiseRobustness,Missing_Rate0.05,,,
IsolationForest,0.0,0.0,0.0,0.262282120747962,0.1261281057241065,0.08036,S2_NoiseRobustness,Missing_Rate0.05,,,
LOF,0.9364,0.2580538484856836,0.4046060448938147,0.6906974617871154,0.009982264216094,0.1,S2_NoiseRobustness,Missing_Rate0.05,,,
DBSCAN,0.0,0.0,0.0,,0.0030292091096008,0.00193,S2_NoiseRobustness,Missing_Rate0.05,,,
XGBoost,1.0,1.0,1.0,1.0,0.0,0.3621866666666666,S3_ShiftDrift,Window_1,,,
RandomForest,1.0,0.9999263731409218,0.9999631852151823,0.9999999972897424,0.0,0.36216,S3_ShiftDrift,Window_1,,,
IsolationForest,0.0,0.0,0.0,0.2640638886247783,0.1448699724057195,0.0924,S3_ShiftDrift,Window_1,,,
LOF,0.0370666666666666,0.0102341334118686,0.0160396953611816,0.2567177140051665,0.1509741617192073,0.1,S3_ShiftDrift,Window_1,,,
DBSCAN,0.0,0.0,0.0,,0.0028848565933606,0.00184,S3_ShiftDrift,Window_1,,,
XGBoost,1.0,1.0,1.0,1.0,0.0,0.3636533333333333,S3_ShiftDrift,Window_2,,,
RandomForest,1.0,1.0,1.0,1.0,0.0,0.3636533333333333,S3_ShiftDrift,Window_2,,,
IsolationForest,0.0,0.0,0.0,0.2654076431728264,0.1450781544650714,0.09232,S3_ShiftDrift,Window_2,,,
LOF,0.0354666666666666,0.0097528781990173,0.0152987864496462,0.2577161978277154,0.1515735657712777,0.1,S3_ShiftDrift,Window_2,,,
DBSCAN,0.0,0.0,0.0,,0.002053388090349,0.0013066666666666,S3_ShiftDrift,Window_2,,,
XGBoost,1.0,1.0,1.0,1.0,0.0,0.3623466666666666,S3_ShiftDrift,Window_3,,,
RandomForest,1.0,1.0,1.0,1.0,0.0,0.3623466666666666,S3_ShiftDrift,Window_3,,,
IsolationForest,0.0,0.0,0.0,0.2642148389273845,0.1455336232853797,0.0928,S3_ShiftDrift,Window_3,,,
LOF,0.0352,0.0097144539299381,0.0152266697427615,0.2563696498608616,0.1513047842087654,0.1,S3_ShiftDrift,Window_3,,,
DBSCAN,0.0,0.0,0.0,,0.0022164603546336,0.0014133333333333,S3_ShiftDrift,Window_3,,,
XGBoost,0.9999266108909438,1.0,0.9999633040989322,1.0,4.18848167539267e-05,0.36336,S3_ShiftDrift,Window_4,,,
RandomForest,1.0,1.0,1.0,1.0,0.0,0.3633333333333333,S3_ShiftDrift,Window_4,,,
IsolationForest,0.0,0.0,0.0,0.2648739582406129,0.1424502617801047,0.0906933333333333,S3_ShiftDrift,Window_4,,,
LOF,0.0336,0.0092477064220183,0.0145035971223021,0.2562971981124312,0.1517905759162303,0.1,S3_ShiftDrift,Window_4,,,
DBSCAN,0.0,0.0,0.0,,0.0028900523560209,0.00184,S3_ShiftDrift,Window_4,,,
XGBoost,0.999972442680776,1.0,0.999986221150534,1.0,1.5695383987569255e-05,0.36288,S5_RealtimeInference,Batch5000,0.0432825088500976,0.0447551488876342,57760.05288090779
RandomForest,1.0,1.0,1.0,1.0,0.0,0.36287,S5_RealtimeInference,Batch5000,0.0432825088500976,0.0447551488876342,57760.05288090779
XGBoost,0.999972442680776,1.0,0.999986221150534,1.0,1.5695383987569255e-05,0.36288,S5_RealtimeInference,Batch20000,0.0640554904937744,0.0739724159240722,156114.6425218913
RandomForest,1.0,1.0,1.0,1.0,0.0,0.36287,S5_RealtimeInference,Batch20000,0.0640554904937744,0.0739724159240722,156114.6425218913
DBSCAN,0.004054054054054,8.26742359522694e-05,0.0001620439139006,,0.0115674979988385,0.0074,S4_Sensitivity,eps0.1_min_samples5,,,
DBSCAN,0.0024650780608052,8.26742359522694e-05,0.0001599829351535,,0.019054196160909,0.01217,S4_Sensitivity,eps0.1_min_samples10,,,
DBSCAN,0.0015576323987538,8.26742359522694e-05,0.0001570146285295,,0.0301822234080956,0.01926,S4_Sensitivity,eps0.1_min_samples20,,,
DBSCAN,0.0,0.0,0.0,,0.0012085445670428,0.00077,S4_Sensitivity,eps0.5_min_samples5,,,
DBSCAN,0.0,0.0,0.0,,0.0019148368464834,0.00122,S4_Sensitivity,eps0.5_min_samples10,,,
DBSCAN,0.0,0.0,0.0,,0.0027466921978246,0.00175,S4_Sensitivity,eps0.5_min_samples20,,,
DBSCAN,0.0,0.0,0.0,,0.0001412584558881,9e-05,S4_Sensitivity,eps1.0_min_samples5,,,
DBSCAN,0.0,0.0,0.0,,0.0002354307598135,0.00015,S4_Sensitivity,eps1.0_min_samples10,,,
DBSCAN,0.0,0.0,0.0,,0.0006749015114654,0.00043,S4_Sensitivity,eps1.0_min_samples20,,,
LOF,0.0468,0.012897180808554,0.0202216605094302,0.2568992615411626,0.1496084001695101,0.1,S4_Sensitivity,n_neighbors10,,,
LOF,0.0403,0.0111059056962548,0.0174130965497871,0.2577319465621967,0.1506286001287021,0.1,S4_Sensitivity,n_neighbors20,,,
LOF,0.0399,0.0109956733816518,0.0172402618445783,0.2601962278053903,0.1506913816646524,0.1,S4_Sensitivity,n_neighbors50,,,
IsolationForest,0.0,0.0,0.0,0.2717299405122956,0.1361260653241881,0.08673,S4_Sensitivity,n_estimators50_contaminationauto,,,
IsolationForest,0.0,0.0,0.0,0.2717299405122956,0.0152402178519297,0.00971,S4_Sensitivity,n_estimators50_contamination0.01,,,
IsolationForest,0.0,0.0,0.0,0.2717299405122956,0.0757302277400216,0.04825,S4_Sensitivity,n_estimators50_contamination0.05,,,
IsolationForest,0.0,0.0,0.0,0.2571980522843843,0.1292200963696576,0.08233,S4_Sensitivity,n_estimators100_contaminationauto,,,
IsolationForest,0.0,0.0,0.0,0.2571980522843843,0.0157110793715568,0.01001,S4_Sensitivity,n_estimators100_contamination0.01,,,
IsolationForest,0.0,0.0,0.0,0.2571980522843843,0.0756046646681211,0.04817,S4_Sensitivity,n_estimators100_contamination0.05,,,
IsolationForest,0.0,0.0,0.0,0.2606616557839606,0.132924206990724,0.08469,S4_Sensitivity,n_estimators200_contaminationauto,,,
IsolationForest,0.0,0.0,0.0,0.2606616557839606,0.0154756486117432,0.00986,S4_Sensitivity,n_estimators200_contamination0.01,,,
IsolationForest,0.0,0.0,0.0,0.2606616557839606,0.0758714861959097,0.04834,S4_Sensitivity,n_estimators200_contamination0.05,,,
