row_id,Model,y_true,y_pred,y_prob
183532,XGBoost,1,1,0.9999918937683105
375089,XGBoost,1,1,0.9999839067459106
448768,XGBoost,0,0,6.321211003523786e-07
133419,XGBoost,1,1,0.9999973773956299
844639,XGBoost,0,0,6.321211003523786e-07
262878,XGBoost,1,1,0.9999839067459106
44773,XGBoost,1,1,0.9999973773956299
652043,XGBoost,0,0,6.321211003523786e-07
664455,XGBoost,0,0,4.6434357159341744e-07
454035,XGBoost,0,0,2.710518401727313e-06
113046,XGBoost,1,1,0.9999973773956299
772869,XGBoost,0,0,3.5308593737681804e-07
175223,XGBoost,1,1,0.9999973773956299
475782,XGBoost,0,0,2.710518401727313e-06
625942,XGBoost,0,0,4.6434357159341744e-07
524414,XGBoost,0,0,4.729675424641755e-07
855306,XGBoost,0,0,4.426379973665462e-07
883899,XGBoost,0,0,4.426379973665462e-07
604763,XGBoost,0,0,6.754340802217484e-07
108175,XGBoost,1,1,0.9999973773956299
770235,XGBoost,0,0,6.321211003523786e-07
661810,XGBoost,0,0,4.729675424641755e-07
564307,XGBoost,0,0,4.6434357159341744e-07
136217,XGBoost,1,1,0.9999973773956299
8198,XGBoost,1,1,0.9999973773956299
299771,XGBoost,1,1,0.99998939037323
609486,XGBoost,0,0,3.5308593737681804e-07
677192,XGBoost,0,0,4.426379973665462e-07
371412,XGBoost,1,1,0.9999839067459106
353152,XGBoost,1,1,0.9999864101409912
809756,XGBoost,0,0,6.321211003523786e-07
651642,XGBoost,0,0,4.6434357159341744e-07
660966,XGBoost,0,0,4.426379973665462e-07
779076,XGBoost,0,0,4.426379973665462e-07
112469,XGBoost,1,1,0.9999973773956299
526640,XGBoost,0,0,4.6434357159341744e-07
697047,XGBoost,0,0,4.426379973665462e-07
667721,XGBoost,0,0,6.163260763969447e-07
279224,XGBoost,1,1,0.9999839067459106
972034,XGBoost,0,0,6.321211003523786e-07
179433,XGBoost,1,1,0.999270498752594
145530,XGBoost,1,1,0.9999973773956299
686542,XGBoost,0,0,1.3881768609280698e-05
548568,XGBoost,0,0,4.6434357159341744e-07
843581,XGBoost,0,0,8.313036801155249e-07
570117,XGBoost,0,0,4.729675424641755e-07
504713,XGBoost,0,0,4.6434357159341744e-07
660268,XGBoost,0,0,4.6434357159341744e-07
890413,XGBoost,0,0,3.5308593737681804e-07
376876,XGBoost,1,1,0.9999839067459106
213999,XGBoost,1,1,0.9999839067459106
226942,XGBoost,1,1,0.9999839067459106
407783,XGBoost,0,0,1.1073327186750248e-05
540769,XGBoost,0,0,2.710518401727313e-06
375988,XGBoost,1,1,0.9999747276306152
172368,XGBoost,1,1,0.9999973773956299
447208,XGBoost,0,0,3.30443867824215e-07
602263,XGBoost,0,0,4.426379973665462e-07
1013253,XGBoost,0,0,8.237196880145348e-07
462356,XGBoost,0,0,4.729675424641755e-07
492107,XGBoost,0,0,6.754340802217484e-07
579128,XGBoost,0,0,1.1058995141866035e-06
96528,XGBoost,1,1,0.9999973773956299
332804,XGBoost,1,1,0.9999839067459106
322605,XGBoost,1,1,0.9999918937683105
644681,XGBoost,0,0,4.426379973665462e-07
419314,XGBoost,0,0,3.5308593737681804e-07
1047850,XGBoost,0,0,4.6434357159341744e-07
88507,XGBoost,1,1,0.9999973773956299
315873,XGBoost,1,1,0.9999839067459106
1000469,XGBoost,0,0,8.237196880145348e-07
911936,XGBoost,0,0,4.729675424641755e-07
948291,XGBoost,0,0,4.6434357159341744e-07
89807,XGBoost,1,1,0.9999973773956299
297411,XGBoost,1,1,0.99998939037323
242336,XGBoost,1,1,0.9999839067459106
306365,XGBoost,1,1,0.9999839067459106
39354,XGBoost,1,1,0.9999973773956299
456143,XGBoost,0,0,3.5308593737681804e-07
344473,XGBoost,1,1,0.9999839067459106
535761,XGBoost,0,0,4.426379973665462e-07
878352,XGBoost,0,0,6.321211003523786e-07
117314,XGBoost,1,1,0.9999973773956299
258004,XGBoost,1,1,0.99998939037323
564970,XGBoost,0,0,4.729675424641755e-07
579918,XGBoost,0,0,6.754340802217484e-07
905550,XGBoost,0,0,4.6434357159341744e-07
496164,XGBoost,0,0,4.6434357159341744e-07
619546,XGBoost,0,0,6.163260763969447e-07
710552,XGBoost,0,0,4.426379973665462e-07
420523,XGBoost,0,0,8.237196880145348e-07
131140,XGBoost,1,1,0.9999971389770508
473387,XGBoost,0,0,6.163260763969447e-07
829659,XGBoost,0,0,4.6434357159341744e-07
726366,XGBoost,0,0,4.6434357159341744e-07
71155,XGBoost,1,1,0.9999973773956299
468501,XGBoost,0,0,3.5308593737681804e-07
503160,XGBoost,0,0,8.313036801155249e-07
494173,XGBoost,0,0,4.426379973665462e-07
74288,XGBoost,1,1,0.9999973773956299
832948,XGBoost,0,0,4.6434357159341744e-07
194720,XGBoost,1,1,0.99998939037323
701031,XGBoost,0,0,4.729675424641755e-07
380262,XGBoost,1,1,0.9999839067459106
970239,XGBoost,0,0,6.754340802217484e-07
713650,XGBoost,0,0,4.6434357159341744e-07
444222,XGBoost,0,0,2.567775254647131e-07
568773,XGBoost,0,0,4.729675424641755e-07
872002,XGBoost,0,0,6.321211003523786e-07
405136,XGBoost,0,0,3.5308593737681804e-07
614362,XGBoost,0,0,6.754340802217484e-07
632951,XGBoost,0,0,4.6434357159341744e-07
167913,XGBoost,1,1,0.9999973773956299
877355,XGBoost,0,0,3.5308593737681804e-07
1042857,XGBoost,0,0,4.6434357159341744e-07
116641,XGBoost,1,1,0.9999973773956299
561847,XGBoost,0,0,4.6434357159341744e-07
224555,XGBoost,1,1,0.9999746084213257
473712,XGBoost,0,0,6.163260763969447e-07
496244,XGBoost,0,0,4.426379973665462e-07
191730,XGBoost,1,1,0.9999896287918091
505194,XGBoost,0,0,6.321211003523786e-07
300192,XGBoost,1,1,0.9999918937683105
878602,XGBoost,0,0,3.5308593737681804e-07
156340,XGBoost,1,1,0.9999973773956299
152699,XGBoost,1,1,0.9999973773956299
333561,XGBoost,1,1,0.9999853372573853
38157,XGBoost,1,1,0.9999973773956299
102894,XGBoost,1,1,0.9999973773956299
688970,XGBoost,0,0,6.321211003523786e-07
615614,XGBoost,0,0,8.237196880145348e-07
738519,XGBoost,0,0,3.30443867824215e-07
898945,XGBoost,0,0,4.426379973665462e-07
235119,XGBoost,1,1,0.99998939037323
233634,XGBoost,1,1,0.9999839067459106
980492,XGBoost,0,0,3.5308593737681804e-07
279951,XGBoost,1,1,0.9999839067459106
391088,XGBoost,0,0,4.426379973665462e-07
897975,XGBoost,0,0,4.426379973665462e-07
985576,XGBoost,0,0,4.6434357159341744e-07
622764,XGBoost,0,0,6.321211003523786e-07
626964,XGBoost,0,0,4.426379973665462e-07
929831,XGBoost,0,0,1.0555712833593134e-05
295536,XGBoost,1,1,0.9999918937683105
330438,XGBoost,1,1,0.9999853372573853
978788,XGBoost,0,0,4.6434357159341744e-07
106053,XGBoost,1,1,0.9999973773956299
269122,XGBoost,1,1,0.9999918937683105
723203,XGBoost,0,0,4.6434357159341744e-07
823570,XGBoost,0,0,4.426379973665462e-07
334426,XGBoost,1,1,0.99998939037323
831530,XGBoost,0,0,6.163260763969447e-07
391243,XGBoost,0,0,4.6434357159341744e-07
860628,XGBoost,0,0,6.321211003523786e-07
44803,XGBoost,1,1,0.9999358654022217
793639,XGBoost,0,0,6.754340802217484e-07
832466,XGBoost,0,0,4.729675424641755e-07
615565,XGBoost,0,0,1.1058995141866035e-06
510843,XGBoost,0,0,6.754340802217484e-07
34550,XGBoost,1,1,0.9999973773956299
452041,XGBoost,0,0,4.426379973665462e-07
166246,XGBoost,1,1,0.9999973773956299
427194,XGBoost,0,0,6.321211003523786e-07
985478,XGBoost,0,0,4.6434357159341744e-07
378548,XGBoost,1,1,0.9999971389770508
453961,XGBoost,0,0,6.321211003523786e-07
913655,XGBoost,0,0,4.426379973665462e-07
4183,XGBoost,1,1,0.9999973773956299
996469,XGBoost,0,0,4.6434357159341744e-07
883265,XGBoost,0,0,6.163260763969447e-07
416922,XGBoost,0,0,1.3881768609280698e-05
253559,XGBoost,1,1,0.9999918937683105
28205,XGBoost,1,1,0.9999973773956299
5394,XGBoost,1,1,0.9999973773956299
910610,XGBoost,0,0,4.426379973665462e-07
737441,XGBoost,0,0,3.5308593737681804e-07
825946,XGBoost,0,0,4.426379973665462e-07
823592,XGBoost,0,0,4.6434357159341744e-07
897981,XGBoost,0,0,4.426379973665462e-07
316455,XGBoost,1,1,0.9999887943267822
783048,XGBoost,0,0,8.237196880145348e-07
535262,XGBoost,0,0,8.313036801155249e-07
784139,XGBoost,0,0,4.6434357159341744e-07
875335,XGBoost,0,0,3.5308593737681804e-07
981094,XGBoost,0,0,1.1073327186750248e-05
594141,XGBoost,0,0,6.754340802217484e-07
754914,XGBoost,0,0,3.30443867824215e-07
719271,XGBoost,0,0,3.5308593737681804e-07
634411,XGBoost,0,0,4.426379973665462e-07
170200,XGBoost,1,1,0.9999973773956299
990748,XGBoost,0,0,6.321211003523786e-07
706345,XGBoost,0,0,4.6434357159341744e-07
391880,XGBoost,0,0,4.6434357159341744e-07
412283,XGBoost,0,0,4.426379973665462e-07
353167,XGBoost,1,1,0.99998939037323
184592,XGBoost,1,1,0.9999892711639404
571171,XGBoost,0,0,4.426379973665462e-07
770616,XGBoost,0,0,3.5308593737681804e-07
839442,XGBoost,0,0,4.6434357159341744e-07
39068,XGBoost,1,1,0.9999973773956299
42570,XGBoost,1,1,0.9999973773956299
75308,XGBoost,1,1,0.9999973773956299
55281,XGBoost,1,1,0.9999973773956299
139004,XGBoost,1,1,0.9999973773956299
301831,XGBoost,1,1,0.9999918937683105
117722,XGBoost,1,1,0.9999973773956299
714458,XGBoost,0,0,4.426379973665462e-07
585858,XGBoost,0,0,4.426379973665462e-07
518664,XGBoost,0,0,6.321211003523786e-07
466655,XGBoost,0,0,6.754340802217484e-07
414164,XGBoost,0,0,4.6434357159341744e-07
49782,XGBoost,1,1,0.9999973773956299
772185,XGBoost,0,0,7.05447007476323e-07
3506,XGBoost,1,1,0.9999973773956299
654301,XGBoost,0,0,6.754340802217484e-07
156503,XGBoost,1,1,0.9999973773956299
716799,XGBoost,0,0,4.6434357159341744e-07
480447,XGBoost,0,0,6.321211003523786e-07
821740,XGBoost,0,0,4.6434357159341744e-07
306475,XGBoost,1,1,0.999985933303833
139874,XGBoost,1,1,0.9999973773956299
781579,XGBoost,0,0,4.426379973665462e-07
586188,XGBoost,0,0,4.6434357159341744e-07
119861,XGBoost,1,1,0.9999973773956299
480074,XGBoost,0,0,6.163260763969447e-07
67405,XGBoost,1,1,0.9999973773956299
840593,XGBoost,0,0,4.6434357159341744e-07
1014666,XGBoost,0,0,3.5308593737681804e-07
910027,XGBoost,0,0,6.163260763969447e-07
683997,XGBoost,0,0,3.5308593737681804e-07
746331,XGBoost,0,0,6.163260763969447e-07
733740,XGBoost,0,0,4.6434357159341744e-07
474664,XGBoost,0,0,4.6434357159341744e-07
896464,XGBoost,0,0,6.163260763969447e-07
370937,XGBoost,0,0,5.10179961565882e-06
297818,XGBoost,1,1,0.9999839067459106
159794,XGBoost,1,1,0.9999973773956299
963624,XGBoost,0,0,4.426379973665462e-07
292540,XGBoost,1,1,0.9999864101409912
531775,XGBoost,0,0,9.192709740091232e-07
141029,XGBoost,1,1,0.9999973773956299
799803,XGBoost,0,0,6.754340802217484e-07
539983,XGBoost,0,0,3.5308593737681804e-07
882381,XGBoost,0,0,4.6434357159341744e-07
424416,XGBoost,0,0,6.163260763969447e-07
696569,XGBoost,0,0,6.265159299800871e-06
341512,XGBoost,1,1,0.9999839067459106
843641,XGBoost,0,0,4.6434357159341744e-07
1016748,XGBoost,0,0,4.729675424641755e-07
360918,XGBoost,1,1,0.9999973773956299
190611,XGBoost,1,1,0.9999853372573853
352165,XGBoost,1,1,0.9999839067459106
93164,XGBoost,1,1,0.9999971389770508
656135,XGBoost,0,0,4.729675424641755e-07
996408,XGBoost,0,0,4.6434357159341744e-07
222029,XGBoost,1,1,0.9999892711639404
670322,XGBoost,0,0,6.321211003523786e-07
632151,XGBoost,0,0,6.163260763969447e-07
741543,XGBoost,0,0,8.237196880145348e-07
695444,XGBoost,0,0,4.6434357159341744e-07
896595,XGBoost,0,0,4.426379973665462e-07
396391,XGBoost,0,0,3.5308593737681804e-07
978357,XGBoost,0,0,8.882646511665371e-07
438827,XGBoost,0,0,4.729675424641755e-07
31357,XGBoost,1,1,0.9999973773956299
354115,XGBoost,1,1,0.9999973773956299
25186,XGBoost,1,1,0.9999973773956299
486599,XGBoost,0,0,6.754340802217484e-07
411922,XGBoost,0,0,4.426379973665462e-07
959729,XGBoost,0,0,3.30443867824215e-07
979965,XGBoost,0,0,4.6434357159341744e-07
168850,XGBoost,1,1,0.9999973773956299
534239,XGBoost,0,0,4.426379973665462e-07
927153,XGBoost,0,0,3.5308593737681804e-07
953128,XGBoost,0,0,6.321211003523786e-07
570744,XGBoost,0,0,4.6434357159341744e-07
766797,XGBoost,0,0,3.30443867824215e-07
308909,XGBoost,1,1,0.99998939037323
909511,XGBoost,0,0,6.754340802217484e-07
849827,XGBoost,0,0,8.237196880145348e-07
763002,XGBoost,0,0,4.729675424641755e-07
1012163,XGBoost,0,0,3.5308593737681804e-07
440257,XGBoost,0,0,4.6434357159341744e-07
944190,XGBoost,0,0,3.30443867824215e-07
330572,XGBoost,1,1,0.9999853372573853
108886,XGBoost,1,1,0.9999973773956299
495230,XGBoost,0,0,3.5308593737681804e-07
991405,XGBoost,0,0,4.426379973665462e-07
514005,XGBoost,0,0,8.801609965303214e-07
211617,XGBoost,1,1,0.9999887943267822
108384,XGBoost,1,1,0.9999973773956299
709169,XGBoost,0,0,4.426379973665462e-07
802645,XGBoost,0,0,1.1058995141866035e-06
717328,XGBoost,0,0,4.6434357159341744e-07
564753,XGBoost,0,0,4.426379973665462e-07
913529,XGBoost,0,0,4.729675424641755e-07
876433,XGBoost,0,0,3.5308593737681804e-07
453876,XGBoost,0,0,3.30443867824215e-07
339491,XGBoost,1,1,0.99998939037323
716143,XGBoost,0,0,4.6434357159341744e-07
557414,XGBoost,0,0,6.321211003523786e-07
83403,XGBoost,1,1,0.9999973773956299
181271,XGBoost,1,1,0.9999918937683105
201971,XGBoost,1,1,0.9999759197235107
245728,XGBoost,1,1,0.9999839067459106
1027623,XGBoost,0,0,4.426379973665462e-07
147187,XGBoost,1,1,0.9999973773956299
654078,XGBoost,0,0,6.754340802217484e-07
847355,XGBoost,0,0,4.426379973665462e-07
695005,XGBoost,0,0,4.6434357159341744e-07
167380,XGBoost,1,1,0.9999973773956299
504800,XGBoost,0,0,4.6434357159341744e-07
680187,XGBoost,0,0,8.801609965303214e-07
344529,XGBoost,1,1,0.9999839067459106
710279,XGBoost,0,0,4.6434357159341744e-07
767362,XGBoost,0,0,2.710518401727313e-06
811938,XGBoost,0,0,4.6434357159341744e-07
817429,XGBoost,0,0,4.6434357159341744e-07
265706,XGBoost,1,1,0.9999839067459106
80357,XGBoost,1,1,0.9999973773956299
1018170,XGBoost,0,0,4.729675424641755e-07
940264,XGBoost,0,0,6.321211003523786e-07
498501,XGBoost,0,0,4.6434357159341744e-07
572197,XGBoost,0,0,6.754340802217484e-07
817367,XGBoost,0,0,3.5308593737681804e-07
185568,XGBoost,1,1,0.9999858140945435
813656,XGBoost,0,0,8.237196880145348e-07
849573,XGBoost,0,0,8.237196880145348e-07
653681,XGBoost,0,0,4.6434357159341744e-07
947090,XGBoost,0,0,3.5308593737681804e-07
450712,XGBoost,0,0,6.754340802217484e-07
27329,XGBoost,1,1,0.9999971389770508
918112,XGBoost,0,0,4.6434357159341744e-07
222754,XGBoost,1,1,0.9999814033508301
746870,XGBoost,0,0,4.426379973665462e-07
539417,XGBoost,0,0,4.6434357159341744e-07
290037,XGBoost,1,1,0.9999839067459106
727336,XGBoost,0,0,4.6434357159341744e-07
900747,XGBoost,0,0,7.05447007476323e-07
253707,XGBoost,1,1,0.9999839067459106
506565,XGBoost,0,0,4.6434357159341744e-07
562112,XGBoost,0,0,3.30443867824215e-07
737748,XGBoost,0,0,4.6434357159341744e-07
447444,XGBoost,0,0,3.5308593737681804e-07
29755,XGBoost,1,1,0.9999973773956299
562597,XGBoost,0,0,6.321211003523786e-07
872046,XGBoost,0,0,9.192709740091232e-07
312193,XGBoost,1,1,0.9999853372573853
620457,XGBoost,0,0,3.683949898913852e-06
521924,XGBoost,0,0,9.192709740091232e-07
683869,XGBoost,0,0,6.163260763969447e-07
175134,XGBoost,1,1,0.9999971389770508
107098,XGBoost,1,1,0.9999973773956299
57846,XGBoost,1,1,0.9999973773956299
893125,XGBoost,0,0,4.426379973665462e-07
109139,XGBoost,1,1,0.9999973773956299
778926,XGBoost,0,0,4.6434357159341744e-07
759887,XGBoost,0,0,4.729675424641755e-07
294207,XGBoost,1,1,0.9999839067459106
739985,XGBoost,0,0,6.754340802217484e-07
314212,XGBoost,1,1,0.99998939037323
658627,XGBoost,0,0,1.1073327186750248e-05
606344,XGBoost,0,0,3.30443867824215e-07
124383,XGBoost,1,1,0.9999973773956299
210795,XGBoost,1,1,0.9999839067459106
106415,XGBoost,1,1,0.9999973773956299
214471,XGBoost,1,1,0.9999918937683105
702288,XGBoost,0,0,4.6434357159341744e-07
44120,XGBoost,1,1,0.9999973773956299
707205,XGBoost,0,0,4.6434357159341744e-07
648273,XGBoost,0,0,6.754340802217484e-07
802628,XGBoost,0,0,4.6434357159341744e-07
539389,XGBoost,0,0,6.321211003523786e-07
733033,XGBoost,0,0,4.6434357159341744e-07
695740,XGBoost,0,0,4.426379973665462e-07
422435,XGBoost,0,0,4.6434357159341744e-07
778803,XGBoost,0,0,3.5308593737681804e-07
784433,XGBoost,0,0,7.472748166037491e-06
236081,XGBoost,1,1,0.9999896287918091
185354,XGBoost,1,1,0.99998939037323
387491,XGBoost,0,0,4.426379973665462e-07
662605,XGBoost,0,0,4.6434357159341744e-07
74863,XGBoost,1,1,0.9999973773956299
210763,XGBoost,1,1,0.9999918937683105
579235,XGBoost,0,0,6.754340802217484e-07
19667,XGBoost,1,1,0.9999973773956299
356544,XGBoost,1,1,0.9999747276306152
745028,XGBoost,0,0,4.426379973665462e-07
820722,XGBoost,0,0,3.5308593737681804e-07
532646,XGBoost,0,0,6.321211003523786e-07
299486,XGBoost,1,1,0.9999839067459106
694722,XGBoost,0,0,6.321211003523786e-07
290605,XGBoost,1,1,0.9999918937683105
906372,XGBoost,0,0,3.5308593737681804e-07
847246,XGBoost,0,0,8.313036801155249e-07
128070,XGBoost,1,1,0.9999973773956299
74188,XGBoost,1,1,0.9999973773956299
515276,XGBoost,0,0,4.426379973665462e-07
409930,XGBoost,0,0,6.754340802217484e-07
580341,XGBoost,0,0,4.6434357159341744e-07
1040724,XGBoost,0,0,6.163260763969447e-07
802777,XGBoost,0,0,8.801609965303214e-07
886546,XGBoost,0,0,3.5308593737681804e-07
32123,XGBoost,1,1,0.9999973773956299
4347,XGBoost,1,1,0.9999973773956299
952799,XGBoost,0,0,6.321211003523786e-07
825868,XGBoost,0,0,4.426379973665462e-07
269162,XGBoost,1,1,0.9999887943267822
222186,XGBoost,1,1,0.9999839067459106
338312,XGBoost,1,1,0.9999839067459106
690911,XGBoost,0,0,1.1575014013942564e-06
887792,XGBoost,0,0,6.321211003523786e-07
1024345,XGBoost,0,0,4.6434357159341744e-07
404051,XGBoost,0,0,3.5308593737681804e-07
688136,XGBoost,0,0,6.754340802217484e-07
254903,XGBoost,1,1,0.9999839067459106
257169,XGBoost,1,1,0.9999896287918091
225010,XGBoost,1,1,0.9999839067459106
302373,XGBoost,1,1,0.9999839067459106
1011123,XGBoost,0,0,6.321211003523786e-07
849240,XGBoost,0,0,4.426379973665462e-07
536753,XGBoost,0,0,6.163260763969447e-07
367660,XGBoost,1,1,0.9999973773956299
1001010,XGBoost,0,0,4.816038199351169e-07
729719,XGBoost,0,0,8.313036801155249e-07
242364,XGBoost,1,1,0.9999918937683105
1018845,XGBoost,0,0,3.5308593737681804e-07
807447,XGBoost,0,0,4.729675424641755e-07
863469,XGBoost,0,0,4.426379973665462e-07
251688,XGBoost,1,1,0.9999839067459106
603452,XGBoost,0,0,3.5308593737681804e-07
669213,XGBoost,0,0,3.5308593737681804e-07
553445,XGBoost,0,0,6.321211003523786e-07
119619,XGBoost,1,1,0.9996616840362549
448856,XGBoost,0,0,3.5308593737681804e-07
602372,XGBoost,0,0,4.6434357159341744e-07
125988,XGBoost,1,1,0.9999973773956299
638180,XGBoost,0,0,3.5308593737681804e-07
995462,XGBoost,0,0,3.5308593737681804e-07
1018084,XGBoost,0,0,3.5308593737681804e-07
745667,XGBoost,0,0,4.426379973665462e-07
734428,XGBoost,0,0,3.5308593737681804e-07
622062,XGBoost,0,0,3.5308593737681804e-07
165080,XGBoost,1,1,0.9999973773956299
1016277,XGBoost,0,0,6.163260763969447e-07
184844,XGBoost,1,1,0.9999918937683105
783907,XGBoost,0,0,4.6434357159341744e-07
792052,XGBoost,0,0,1.1058995141866035e-06
949454,XGBoost,0,0,4.426379973665462e-07
527911,XGBoost,0,0,6.754340802217484e-07
273755,XGBoost,1,1,0.9999662637710571
453271,XGBoost,0,0,4.6434357159341744e-07
584946,XGBoost,0,0,4.426379973665462e-07
146463,XGBoost,1,1,0.9999973773956299
671850,XGBoost,0,0,3.5308593737681804e-07
158595,XGBoost,1,1,0.9999973773956299
906849,XGBoost,0,0,3.5308593737681804e-07
754949,XGBoost,0,0,6.754340802217484e-07
352270,XGBoost,1,1,0.9999839067459106
369171,XGBoost,1,1,0.9999839067459106
49245,XGBoost,1,1,0.9999971389770508
678680,XGBoost,0,0,1.575327388536607e-07
1002906,XGBoost,0,0,4.6434357159341744e-07
321700,XGBoost,1,1,0.9999839067459106
755682,XGBoost,0,0,6.754340802217484e-07
585480,XGBoost,0,0,4.426379973665462e-07
477362,XGBoost,0,0,8.313036801155249e-07
490516,XGBoost,0,0,3.5308593737681804e-07
1018829,XGBoost,0,0,4.729675424641755e-07
604283,XGBoost,0,0,4.6434357159341744e-07
339892,XGBoost,1,1,0.9999918937683105
492616,XGBoost,0,0,6.321211003523786e-07
233442,XGBoost,1,1,0.9999918937683105
825133,XGBoost,0,0,4.729675424641755e-07
921122,XGBoost,0,0,4.6434357159341744e-07
963148,XGBoost,0,0,4.729675424641755e-07
543741,XGBoost,0,0,7.05447007476323e-07
609745,XGBoost,0,0,1.3064450286037754e-05
879931,XGBoost,0,0,4.426379973665462e-07
739540,XGBoost,0,0,2.710518401727313e-06
78833,XGBoost,1,1,0.9999973773956299
717559,XGBoost,0,0,4.729675424641755e-07
939073,XGBoost,0,0,4.4749958760803565e-07
63326,XGBoost,1,1,0.9999973773956299
533713,XGBoost,0,0,4.729675424641755e-07
95782,XGBoost,1,1,0.9999973773956299
386829,XGBoost,0,0,4.4749958760803565e-07
289030,XGBoost,1,1,0.9999839067459106
569949,XGBoost,0,0,6.265159299800871e-06
992554,XGBoost,0,0,4.426379973665462e-07
578615,XGBoost,0,0,4.426379973665462e-07
211805,XGBoost,1,1,0.9999839067459106
636049,XGBoost,0,0,4.6434357159341744e-07
971915,XGBoost,0,0,3.5308593737681804e-07
434284,XGBoost,0,0,8.801609965303214e-07
368162,XGBoost,1,1,0.9999839067459106
462103,XGBoost,0,0,4.6434357159341744e-07
372449,XGBoost,1,1,0.9999839067459106
115888,XGBoost,1,1,0.9999973773956299
359900,XGBoost,1,1,0.9999973773956299
243903,XGBoost,1,1,0.9999818801879883
139707,XGBoost,1,1,0.9999973773956299
107790,XGBoost,1,1,0.9999971389770508
941795,XGBoost,0,0,3.30443867824215e-07
582839,XGBoost,0,0,4.6434357159341744e-07
737095,XGBoost,0,0,4.6434357159341744e-07
859061,XGBoost,0,0,4.426379973665462e-07
80464,XGBoost,1,1,0.9999971389770508
685536,XGBoost,0,0,3.5308593737681804e-07
998366,XGBoost,0,0,8.801609965303214e-07
555730,XGBoost,0,0,3.5308593737681804e-07
334253,XGBoost,1,1,0.9999918937683105
690086,XGBoost,0,0,6.754340802217484e-07
937442,XGBoost,0,0,6.163260763969447e-07
932805,XGBoost,0,0,6.321211003523786e-07
438611,XGBoost,0,0,1.1278983947704546e-05
251866,XGBoost,1,1,0.9999864101409912
957936,XGBoost,0,0,4.6434357159341744e-07
788370,XGBoost,0,0,4.426379973665462e-07
774233,XGBoost,0,0,7.05447007476323e-07
31122,XGBoost,1,1,0.9999973773956299
110565,XGBoost,1,1,0.9999973773956299
877532,XGBoost,0,0,2.710518401727313e-06
672148,XGBoost,0,0,6.754340802217484e-07
350009,XGBoost,1,1,0.9999887943267822
268820,XGBoost,1,1,0.9999839067459106
933250,XGBoost,0,0,6.163260763969447e-07
824138,XGBoost,0,0,4.6434357159341744e-07
749566,XGBoost,0,0,4.729675424641755e-07
943016,XGBoost,0,0,4.426379973665462e-07
1014161,XGBoost,0,0,6.163260763969447e-07
928716,XGBoost,0,0,4.6434357159341744e-07
47449,XGBoost,1,1,0.9999973773956299
800523,XGBoost,0,0,2.710518401727313e-06
250404,XGBoost,1,1,0.99998939037323
1020748,XGBoost,0,0,4.729675424641755e-07
339070,XGBoost,1,1,0.9999918937683105
309377,XGBoost,1,1,0.99998939037323
843331,XGBoost,0,0,4.426379973665462e-07
757875,XGBoost,0,0,2.710518401727313e-06
833951,XGBoost,0,0,3.30443867824215e-07
805485,XGBoost,0,0,6.163260763969447e-07
991320,XGBoost,0,0,4.426379973665462e-07
935446,XGBoost,0,0,6.321211003523786e-07
299044,XGBoost,1,1,0.9999839067459106
997290,XGBoost,0,0,4.6434357159341744e-07
985535,XGBoost,0,0,6.321211003523786e-07
341252,XGBoost,1,1,0.99998939037323
814711,XGBoost,0,0,4.6434357159341744e-07
830532,XGBoost,0,0,4.6434357159341744e-07
924751,XGBoost,0,0,8.237196880145348e-07
106476,XGBoost,1,1,0.9999973773956299
415428,XGBoost,0,0,4.729675424641755e-07
819289,XGBoost,0,0,3.5308593737681804e-07
211266,XGBoost,1,1,0.9999839067459106
212555,XGBoost,1,1,0.9999918937683105
610654,XGBoost,0,0,4.426379973665462e-07
17244,XGBoost,1,1,0.9999973773956299
559364,XGBoost,0,0,4.6434357159341744e-07
247280,XGBoost,1,1,0.9999839067459106
525763,XGBoost,0,0,4.426379973665462e-07
421288,XGBoost,0,0,6.321211003523786e-07
482839,XGBoost,0,0,1.1575014013942564e-06
1019324,XGBoost,0,0,6.163260763969447e-07
176112,XGBoost,1,1,0.9999973773956299
590442,XGBoost,0,0,8.237196880145348e-07
261223,XGBoost,1,1,0.99998939037323
633799,XGBoost,0,0,7.05447007476323e-07
474701,XGBoost,0,0,4.6434357159341744e-07
340797,XGBoost,1,1,0.9999839067459106
417229,XGBoost,0,0,8.313036801155249e-07
390948,XGBoost,0,0,6.265159299800871e-06
221945,XGBoost,1,1,0.9999887943267822
111434,XGBoost,1,1,0.9999973773956299
999946,XGBoost,0,0,4.426379973665462e-07
439207,XGBoost,0,0,4.6434357159341744e-07
134958,XGBoost,1,1,0.9999973773956299
758432,XGBoost,0,0,1.3064450286037754e-05
180153,XGBoost,1,1,0.9998661279678345
192061,XGBoost,1,1,0.99998939037323
1030966,XGBoost,0,0,3.30443867824215e-07
849300,XGBoost,0,0,8.313036801155249e-07
770395,XGBoost,0,0,4.426379973665462e-07
286095,XGBoost,1,1,0.9999828338623047
671269,XGBoost,0,0,6.321211003523786e-07
627966,XGBoost,0,0,8.237196880145348e-07
833805,XGBoost,0,0,3.30443867824215e-07
702623,XGBoost,0,0,4.6434357159341744e-07
693933,XGBoost,0,0,3.30443867824215e-07
470084,XGBoost,0,0,4.6434357159341744e-07
743821,XGBoost,0,0,7.05447007476323e-07
1005181,XGBoost,0,0,4.426379973665462e-07
311828,XGBoost,1,1,0.99998939037323
28773,XGBoost,1,1,0.9999973773956299
313460,XGBoost,1,1,0.9999918937683105
710890,XGBoost,0,0,4.6434357159341744e-07
421212,XGBoost,0,0,3.5308593737681804e-07
526916,XGBoost,0,0,8.237196880145348e-07
397847,XGBoost,0,0,3.5308593737681804e-07
37434,XGBoost,1,1,0.9999973773956299
108965,XGBoost,1,1,0.9999973773956299
343008,XGBoost,1,1,0.9999839067459106
567939,XGBoost,0,0,6.163260763969447e-07
112448,XGBoost,1,1,0.9999973773956299
505625,XGBoost,0,0,3.30443867824215e-07
95728,XGBoost,1,1,0.9999973773956299
571806,XGBoost,0,0,7.05447007476323e-07
633322,XGBoost,0,0,4.426379973665462e-07
578817,XGBoost,0,0,3.5308593737681804e-07
307084,XGBoost,1,1,0.9999839067459106
298379,XGBoost,1,1,0.9999839067459106
194452,XGBoost,1,1,0.9999839067459106
320469,XGBoost,1,1,0.9999853372573853
907773,XGBoost,0,0,6.321211003523786e-07
215502,XGBoost,1,1,0.9999839067459106
1005172,XGBoost,0,0,6.163260763969447e-07
461061,XGBoost,0,0,4.6434357159341744e-07
263668,XGBoost,1,1,0.9999839067459106
1007611,XGBoost,0,0,8.313036801155249e-07
1034799,XGBoost,0,0,1.3064450286037754e-05
54655,XGBoost,1,1,0.9999973773956299
657564,XGBoost,0,0,4.6434357159341744e-07
257431,XGBoost,1,1,0.9999839067459106
241517,XGBoost,1,1,0.9999839067459106
210433,XGBoost,1,1,0.9999918937683105
47375,XGBoost,1,1,0.9999971389770508
333850,XGBoost,1,1,0.9999918937683105
579925,XGBoost,0,0,6.754340802217484e-07
1036643,XGBoost,0,0,4.426379973665462e-07
588552,XGBoost,0,0,1.1278983947704546e-05
404278,XGBoost,0,0,4.4749958760803565e-07
163177,XGBoost,1,1,0.9999973773956299
120194,XGBoost,1,1,0.9999973773956299
376031,XGBoost,0,0,6.442549056373537e-05
787470,XGBoost,0,0,4.426379973665462e-07
331698,XGBoost,1,1,0.9999839067459106
805548,XGBoost,0,0,7.05447007476323e-07
679662,XGBoost,0,0,6.163260763969447e-07
393934,XGBoost,0,0,3.5308593737681804e-07
965058,XGBoost,0,0,4.426379973665462e-07
969794,XGBoost,0,0,4.729675424641755e-07
529661,XGBoost,0,0,3.5308593737681804e-07
33530,XGBoost,1,1,0.9999973773956299
836998,XGBoost,0,0,4.6434357159341744e-07
867646,XGBoost,0,0,6.321211003523786e-07
58348,XGBoost,1,1,0.9999973773956299
337019,XGBoost,1,1,0.9999839067459106
650995,XGBoost,0,0,8.237196880145348e-07
78860,XGBoost,1,1,0.9999973773956299
361369,XGBoost,1,1,0.9999973773956299
799247,XGBoost,0,0,7.05447007476323e-07
531057,XGBoost,0,0,8.801609965303214e-07
801485,XGBoost,0,0,3.5308593737681804e-07
554696,XGBoost,0,0,4.426379973665462e-07
117505,XGBoost,1,1,0.9999973773956299
77655,XGBoost,1,1,0.9999973773956299
926392,XGBoost,0,0,4.6434357159341744e-07
139475,XGBoost,1,1,0.9999973773956299
506898,XGBoost,0,0,8.237196880145348e-07
814762,XGBoost,0,0,6.163260763969447e-07
427870,XGBoost,0,0,4.426379973665462e-07
912801,XGBoost,0,0,4.729675424641755e-07
327338,XGBoost,1,1,0.9999839067459106
445751,XGBoost,0,0,3.5308593737681804e-07
206669,XGBoost,1,1,0.9999918937683105
813673,XGBoost,0,0,4.426379973665462e-07
200143,XGBoost,1,1,0.9999839067459106
47194,XGBoost,1,1,0.9999973773956299
97248,XGBoost,1,1,0.9999973773956299
35422,XGBoost,1,1,0.999994158744812
239205,XGBoost,1,1,0.9999839067459106
745791,XGBoost,0,0,8.313036801155249e-07
1033006,XGBoost,0,0,1.1058995141866035e-06
801757,XGBoost,0,0,3.5308593737681804e-07
693995,XGBoost,0,0,4.6434357159341744e-07
571870,XGBoost,0,0,6.321211003523786e-07
799851,XGBoost,0,0,4.6434357159341744e-07
111431,XGBoost,1,1,0.9999973773956299
66951,XGBoost,1,1,0.9999973773956299
942465,XGBoost,0,0,4.4749958760803565e-07
145623,XGBoost,1,1,0.9999971389770508
291282,XGBoost,1,1,0.9999918937683105
956831,XGBoost,0,0,3.30443867824215e-07
317520,XGBoost,1,1,0.9999918937683105
2430,XGBoost,1,1,0.9999973773956299
621018,XGBoost,0,0,4.426379973665462e-07
522355,XGBoost,0,0,4.729675424641755e-07
601457,XGBoost,0,0,4.6434357159341744e-07
824592,XGBoost,0,0,4.426379973665462e-07
840933,XGBoost,0,0,4.6434357159341744e-07
825630,XGBoost,0,0,8.313036801155249e-07
687847,XGBoost,0,0,4.6434357159341744e-07
269840,XGBoost,1,1,0.99998939037323
890443,XGBoost,0,0,3.5308593737681804e-07
45052,XGBoost,1,1,0.9999973773956299
298858,XGBoost,1,1,0.9999839067459106
918693,XGBoost,0,0,3.30443867824215e-07
855011,XGBoost,0,0,4.426379973665462e-07
81321,XGBoost,1,1,0.9999973773956299
671602,XGBoost,0,0,1.1780138265748974e-05
536583,XGBoost,0,0,4.6434357159341744e-07
483991,XGBoost,0,0,4.426379973665462e-07
349550,XGBoost,1,1,0.9999839067459106
587750,XGBoost,0,0,4.6434357159341744e-07
429172,XGBoost,0,0,4.426379973665462e-07
625548,XGBoost,0,0,4.426379973665462e-07
546618,XGBoost,0,0,3.5308593737681804e-07
785324,XGBoost,0,0,4.426379973665462e-07
746079,XGBoost,0,0,1.3881768609280698e-05
940361,XGBoost,0,0,4.6434357159341744e-07
89160,XGBoost,1,1,0.9999973773956299
205115,XGBoost,1,1,0.99998939037323
642063,XGBoost,0,0,6.163260763969447e-07
449440,XGBoost,0,0,4.729675424641755e-07
374844,XGBoost,1,1,0.9999839067459106
501509,XGBoost,0,0,4.729675424641755e-07
685820,XGBoost,0,0,4.426379973665462e-07
261704,XGBoost,1,1,0.9999887943267822
382627,XGBoost,1,1,0.9999839067459106
8048,XGBoost,1,1,0.9999973773956299
476344,XGBoost,0,0,3.5308593737681804e-07
924680,XGBoost,0,0,4.6434357159341744e-07
251474,XGBoost,1,1,0.9999839067459106
336727,XGBoost,1,1,0.9999839067459106
923131,XGBoost,0,0,8.237196880145348e-07
478448,XGBoost,0,0,6.163260763969447e-07
862301,XGBoost,0,0,6.321211003523786e-07
143392,XGBoost,1,1,0.9999971389770508
487857,XGBoost,0,0,2.710518401727313e-06
914953,XGBoost,0,0,1.1073327186750248e-05
992504,XGBoost,0,0,4.6434357159341744e-07
1039623,XGBoost,0,0,3.5308593737681804e-07
124376,XGBoost,1,1,0.9999973773956299
173112,XGBoost,1,1,0.9999973773956299
792164,XGBoost,0,0,3.5308593737681804e-07
465378,XGBoost,0,0,6.321211003523786e-07
293375,XGBoost,1,1,0.9999853372573853
935753,XGBoost,0,0,6.163260763969447e-07
847243,XGBoost,0,0,4.729675424641755e-07
580265,XGBoost,0,0,3.1117988328333013e-06
266426,XGBoost,1,1,0.9999839067459106
1005542,XGBoost,0,0,4.6434357159341744e-07
546281,XGBoost,0,0,6.321211003523786e-07
224913,XGBoost,1,1,0.9999918937683105
603569,XGBoost,0,0,3.5308593737681804e-07
328307,XGBoost,1,1,0.9999839067459106
1014883,XGBoost,0,0,3.5308593737681804e-07
907258,XGBoost,0,0,3.30443867824215e-07
728711,XGBoost,0,0,4.6434357159341744e-07
181609,XGBoost,1,1,0.9999918937683105
204986,XGBoost,1,1,0.9999853372573853
984028,XGBoost,0,0,3.30443867824215e-07
118780,XGBoost,1,1,0.9999973773956299
426884,XGBoost,0,0,8.313036801155249e-07
603709,XGBoost,0,0,4.6434357159341744e-07
93095,XGBoost,1,1,0.9999973773956299
802017,XGBoost,0,0,6.754340802217484e-07
625254,XGBoost,0,0,4.6434357159341744e-07
973599,XGBoost,0,0,6.754340802217484e-07
981012,XGBoost,0,0,4.426379973665462e-07
1013910,XGBoost,0,0,3.5308593737681804e-07
2190,XGBoost,1,1,0.9999973773956299
1010865,XGBoost,0,0,1.1575014013942564e-06
728368,XGBoost,0,0,3.5308593737681804e-07
321973,XGBoost,1,1,0.99998939037323
181635,XGBoost,1,1,0.9999887943267822
578377,XGBoost,0,0,3.30443867824215e-07
451582,XGBoost,0,0,3.66698117204578e-07
386038,XGBoost,0,0,4.6434357159341744e-07
691028,XGBoost,0,0,3.5308593737681804e-07
857723,XGBoost,0,0,4.729675424641755e-07
700486,XGBoost,0,0,4.6434357159341744e-07
169741,XGBoost,1,1,0.9999973773956299
747802,XGBoost,0,0,4.426379973665462e-07
279498,XGBoost,1,1,0.9999918937683105
544291,XGBoost,0,0,6.754340802217484e-07
759319,XGBoost,0,0,4.729675424641755e-07
773449,XGBoost,0,0,4.729675424641755e-07
130152,XGBoost,1,1,0.9999973773956299
960218,XGBoost,0,0,4.6434357159341744e-07
75333,XGBoost,1,1,0.9999973773956299
419148,XGBoost,0,0,6.321211003523786e-07
647270,XGBoost,0,0,4.4749958760803565e-07
947858,XGBoost,0,0,4.426379973665462e-07
991227,XGBoost,0,0,4.426379973665462e-07
68842,XGBoost,1,1,0.9999971389770508
532761,XGBoost,0,0,4.6434357159341744e-07
633814,XGBoost,0,0,6.163260763969447e-07
394123,XGBoost,0,0,3.30443867824215e-07
283849,XGBoost,1,1,0.99998939037323
1034910,XGBoost,0,0,4.426379973665462e-07
907434,XGBoost,0,0,3.30443867824215e-07
640342,XGBoost,0,0,4.729675424641755e-07
793618,XGBoost,0,0,1.1058995141866035e-06
346818,XGBoost,1,1,0.9999918937683105
649232,XGBoost,0,0,8.801609965303214e-07
955973,XGBoost,0,0,1.375515330437338e-05
521538,XGBoost,0,0,3.30443867824215e-07
726214,XGBoost,0,0,4.6434357159341744e-07
525256,XGBoost,0,0,4.6434357159341744e-07
381477,XGBoost,0,0,8.776933827903122e-05
350928,XGBoost,1,1,0.9999839067459106
1027569,XGBoost,0,0,4.426379973665462e-07
98915,XGBoost,1,1,0.9999973773956299
732233,XGBoost,0,0,8.313036801155249e-07
656130,XGBoost,0,0,4.6434357159341744e-07
172589,XGBoost,1,1,0.9999973773956299
855326,XGBoost,0,0,1.1073327186750248e-05
675996,XGBoost,0,0,4.6434357159341744e-07
179556,XGBoost,1,1,0.9999918937683105
852595,XGBoost,0,0,8.237196880145348e-07
375833,XGBoost,1,1,0.9999973773956299
385272,XGBoost,0,0,6.321211003523786e-07
265704,XGBoost,1,1,0.9999918937683105
537838,XGBoost,0,0,1.9328777852933854e-05
852344,XGBoost,0,0,4.4749958760803565e-07
80403,XGBoost,1,1,0.9999973773956299
522091,XGBoost,0,0,6.163260763969447e-07
361983,XGBoost,1,1,0.9999839067459106
148845,XGBoost,1,1,0.9999973773956299
1022946,XGBoost,0,0,4.6434357159341744e-07
459542,XGBoost,0,0,4.6434357159341744e-07
139764,XGBoost,1,1,0.9999973773956299
525338,XGBoost,0,0,4.6434357159341744e-07
533342,XGBoost,0,0,4.6434357159341744e-07
821388,XGBoost,0,0,6.754340802217484e-07
292667,XGBoost,1,1,0.9999839067459106
90222,XGBoost,1,1,0.9999973773956299
323796,XGBoost,1,1,0.9999839067459106
900304,XGBoost,0,0,4.6434357159341744e-07
813643,XGBoost,0,0,4.426379973665462e-07
728533,XGBoost,0,0,8.237196880145348e-07
173189,XGBoost,1,1,0.9999973773956299
930490,XGBoost,0,0,4.4749958760803565e-07
925012,XGBoost,0,0,8.409239171669469e-07
135684,XGBoost,1,1,0.9999973773956299
861813,XGBoost,0,0,3.5308593737681804e-07
1026182,XGBoost,0,0,4.6434357159341744e-07
237326,XGBoost,1,1,0.9999759197235107
622154,XGBoost,0,0,6.754340802217484e-07
451075,XGBoost,0,0,4.729675424641755e-07
781846,XGBoost,0,0,4.6434357159341744e-07
164416,XGBoost,1,1,0.9999973773956299
846855,XGBoost,0,0,4.426379973665462e-07
622754,XGBoost,0,0,4.6434357159341744e-07
65928,XGBoost,1,1,0.9999973773956299
312614,XGBoost,1,1,0.9999839067459106
173299,XGBoost,1,1,0.999994158744812
98602,XGBoost,1,1,0.9999973773956299
256007,XGBoost,1,1,0.9999887943267822
91590,XGBoost,1,1,0.9999973773956299
506571,XGBoost,0,0,6.163260763969447e-07
351532,XGBoost,1,1,0.9999839067459106
517140,XGBoost,0,0,4.6434357159341744e-07
425154,XGBoost,0,0,4.6434357159341744e-07
695308,XGBoost,0,0,4.6434357159341744e-07
920254,XGBoost,0,0,8.237196880145348e-07
909153,XGBoost,0,0,8.237196880145348e-07
464934,XGBoost,0,0,8.237196880145348e-07
27864,XGBoost,1,1,0.9999973773956299
538005,XGBoost,0,0,3.66698117204578e-07
458309,XGBoost,0,0,4.729675424641755e-07
147436,XGBoost,1,1,0.9999973773956299
510134,XGBoost,0,0,8.237196880145348e-07
967296,XGBoost,0,0,4.426379973665462e-07
5461,XGBoost,1,1,0.9999973773956299
396520,XGBoost,0,0,4.426379973665462e-07
761730,XGBoost,0,0,6.321211003523786e-07
484661,XGBoost,0,0,4.426379973665462e-07
287029,XGBoost,1,1,0.9999839067459106
323259,XGBoost,1,1,0.9999839067459106
722516,XGBoost,0,0,4.6434357159341744e-07
38689,XGBoost,1,1,0.9999973773956299
351598,XGBoost,1,1,0.9999839067459106
877183,XGBoost,0,0,3.5308593737681804e-07
705673,XGBoost,0,0,4.6434357159341744e-07
670891,XGBoost,0,0,6.163260763969447e-07
740740,XGBoost,0,0,8.237196880145348e-07
653025,XGBoost,0,0,4.426379973665462e-07
142291,XGBoost,1,1,0.9999973773956299
139720,XGBoost,1,1,0.9999973773956299
279779,XGBoost,1,1,0.9999839067459106
172523,XGBoost,1,1,0.9999973773956299
337379,XGBoost,1,1,0.9999839067459106
61651,XGBoost,1,1,0.9999973773956299
28088,XGBoost,1,1,0.9999973773956299
172003,XGBoost,1,1,0.9999973773956299
377127,XGBoost,1,1,0.9999839067459106
276098,XGBoost,1,1,0.9999839067459106
746563,XGBoost,0,0,4.426379973665462e-07
51957,XGBoost,1,1,0.999994158744812
615457,XGBoost,0,0,4.6434357159341744e-07
739558,XGBoost,0,0,6.321211003523786e-07
705845,XGBoost,0,0,3.5308593737681804e-07
23682,XGBoost,1,1,0.9999973773956299
340017,XGBoost,1,1,0.99998939037323
320246,XGBoost,1,1,0.99998939037323
333224,XGBoost,1,1,0.9999853372573853
452065,XGBoost,0,0,4.426379973665462e-07
681491,XGBoost,0,0,4.426379973665462e-07
773378,XGBoost,0,0,4.729675424641755e-07
167471,XGBoost,1,1,0.9999973773956299
644477,XGBoost,0,0,4.426379973665462e-07
664231,XGBoost,0,0,4.6434357159341744e-07
134011,XGBoost,1,1,0.9999973773956299
134895,XGBoost,1,1,0.9999973773956299
893802,XGBoost,0,0,8.801609965303214e-07
739939,XGBoost,0,0,4.426379973665462e-07
467598,XGBoost,0,0,4.426379973665462e-07
837266,XGBoost,0,0,6.754340802217484e-07
633510,XGBoost,0,0,4.729675424641755e-07
37409,XGBoost,1,1,0.9999973773956299
513016,XGBoost,0,0,4.426379973665462e-07
511270,XGBoost,0,0,6.163260763969447e-07
210124,XGBoost,1,1,0.9999887943267822
72023,XGBoost,1,1,0.9999973773956299
25509,XGBoost,1,1,0.9999971389770508
820,XGBoost,1,1,0.9999973773956299
448362,XGBoost,0,0,8.237196880145348e-07
461563,XGBoost,0,0,4.6434357159341744e-07
395825,XGBoost,0,0,4.3456697085275664e-07
553420,XGBoost,0,0,3.5308593737681804e-07
809116,XGBoost,0,0,3.30443867824215e-07
94578,XGBoost,1,1,0.9999973773956299
776223,XGBoost,0,0,6.163260763969447e-07
556739,XGBoost,0,0,6.754340802217484e-07
816619,XGBoost,0,0,4.6434357159341744e-07
758959,XGBoost,0,0,4.6434357159341744e-07
380624,XGBoost,1,1,0.9999973773956299
227281,XGBoost,1,1,0.9999747276306152
777878,XGBoost,0,0,4.6434357159341744e-07
65523,XGBoost,1,1,0.9999973773956299
40675,XGBoost,1,1,0.9999973773956299
935591,XGBoost,0,0,4.6434357159341744e-07
1034191,XGBoost,0,0,4.6434357159341744e-07
977039,XGBoost,0,0,4.6434357159341744e-07
508398,XGBoost,0,0,6.321211003523786e-07
974394,XGBoost,0,0,4.6434357159341744e-07
845723,XGBoost,0,0,3.5308593737681804e-07
963168,XGBoost,0,0,4.729675424641755e-07
671070,XGBoost,0,0,8.237196880145348e-07
720188,XGBoost,0,0,4.6434357159341744e-07
190610,XGBoost,1,1,0.999985933303833
828229,XGBoost,0,0,4.426379973665462e-07
66176,XGBoost,1,1,0.9999973773956299
845089,XGBoost,0,0,3.5308593737681804e-07
429998,XGBoost,0,0,4.6434357159341744e-07
131742,XGBoost,1,1,0.9999973773956299
38251,XGBoost,1,1,0.9999973773956299
753352,XGBoost,0,0,4.6434357159341744e-07
756211,XGBoost,0,0,6.754340802217484e-07
888545,XGBoost,0,0,8.237196880145348e-07
1018432,XGBoost,0,0,4.426379973665462e-07
527253,XGBoost,0,0,4.6434357159341744e-07
787974,XGBoost,0,0,1.1073327186750248e-05
226060,XGBoost,1,1,0.9999839067459106
282673,XGBoost,1,1,0.9999839067459106
1046436,XGBoost,0,0,4.426379973665462e-07
353476,XGBoost,1,1,0.9999918937683105
685069,XGBoost,0,0,8.237196880145348e-07
604614,XGBoost,0,0,4.426379973665462e-07
67362,XGBoost,1,1,0.9999973773956299
3918,XGBoost,1,1,0.9999973773956299
282150,XGBoost,1,1,0.9999887943267822
857747,XGBoost,0,0,4.729675424641755e-07
970847,XGBoost,0,0,4.6434357159341744e-07
258101,XGBoost,1,1,0.9999839067459106
848246,XGBoost,0,0,4.729675424641755e-07
984651,XGBoost,0,0,8.801609965303214e-07
920331,XGBoost,0,0,3.5308593737681804e-07
1029740,XGBoost,0,0,4.6434357159341744e-07
546441,XGBoost,0,0,4.426379973665462e-07
542525,XGBoost,0,0,8.237196880145348e-07
1043289,XGBoost,0,0,4.6434357159341744e-07
943912,XGBoost,0,0,3.5308593737681804e-07
31353,XGBoost,1,1,0.9999973773956299
225996,XGBoost,1,1,0.9999887943267822
112323,XGBoost,1,1,0.9999973773956299
303463,XGBoost,1,1,0.99998939037323
991677,XGBoost,0,0,4.6434357159341744e-07
823070,XGBoost,0,0,4.426379973665462e-07
504334,XGBoost,0,0,6.321211003523786e-07
887590,XGBoost,0,0,6.321211003523786e-07
233055,XGBoost,1,1,0.9999887943267822
20847,XGBoost,1,1,0.9999973773956299
790043,XGBoost,0,0,4.6434357159341744e-07
463185,XGBoost,0,0,3.5308593737681804e-07
367235,XGBoost,1,1,0.9999839067459106
713562,XGBoost,0,0,4.6434357159341744e-07
690938,XGBoost,0,0,3.30443867824215e-07
812818,XGBoost,0,0,4.426379973665462e-07
263102,XGBoost,1,1,0.9999839067459106
434819,XGBoost,0,0,6.163260763969447e-07
1015688,XGBoost,0,0,2.7567496090341592e-06
804370,XGBoost,0,0,4.729675424641755e-07
578647,XGBoost,0,0,8.237196880145348e-07
780507,XGBoost,0,0,4.6434357159341744e-07
535046,XGBoost,0,0,4.426379973665462e-07
771112,XGBoost,0,0,2.710518401727313e-06
711233,XGBoost,0,0,4.6434357159341744e-07
183532,RandomForest,1,1,1.0
375089,RandomForest,1,1,1.0
448768,RandomForest,0,0,0.0
133419,RandomForest,1,1,1.0
844639,RandomForest,0,0,0.0
262878,RandomForest,1,1,1.0
44773,RandomForest,1,1,1.0
652043,RandomForest,0,0,0.0
664455,RandomForest,0,0,0.0
454035,RandomForest,0,0,0.0
113046,RandomForest,1,1,1.0
772869,RandomForest,0,0,0.0
175223,RandomForest,1,1,1.0
475782,RandomForest,0,0,0.0
625942,RandomForest,0,0,0.0
524414,RandomForest,0,0,0.0
855306,RandomForest,0,0,0.0
883899,RandomForest,0,0,0.0
604763,RandomForest,0,0,0.0
108175,RandomForest,1,1,1.0
770235,RandomForest,0,0,0.0
661810,RandomForest,0,0,0.0
564307,RandomForest,0,0,0.0
136217,RandomForest,1,1,1.0
8198,RandomForest,1,1,1.0
299771,RandomForest,1,1,1.0
609486,RandomForest,0,0,0.0
677192,RandomForest,0,0,0.0
371412,RandomForest,1,1,1.0
353152,RandomForest,1,1,1.0
809756,RandomForest,0,0,0.0
651642,RandomForest,0,0,0.0
660966,RandomForest,0,0,0.0
779076,RandomForest,0,0,0.0
112469,RandomForest,1,1,1.0
526640,RandomForest,0,0,0.0
697047,RandomForest,0,0,0.0
667721,RandomForest,0,0,0.0
279224,RandomForest,1,1,1.0
972034,RandomForest,0,0,0.0
179433,RandomForest,1,1,0.94
145530,RandomForest,1,1,1.0
686542,RandomForest,0,0,0.0
548568,RandomForest,0,0,0.0
843581,RandomForest,0,0,0.0
570117,RandomForest,0,0,0.0
504713,RandomForest,0,0,0.0
660268,RandomForest,0,0,0.0
890413,RandomForest,0,0,0.0
376876,RandomForest,1,1,1.0
213999,RandomForest,1,1,1.0
226942,RandomForest,1,1,1.0
407783,RandomForest,0,0,0.0
540769,RandomForest,0,0,0.0
375988,RandomForest,1,1,1.0
172368,RandomForest,1,1,1.0
447208,RandomForest,0,0,0.0
602263,RandomForest,0,0,0.0
1013253,RandomForest,0,0,0.0
462356,RandomForest,0,0,0.0
492107,RandomForest,0,0,0.0
579128,RandomForest,0,0,0.0
96528,RandomForest,1,1,1.0
332804,RandomForest,1,1,1.0
322605,RandomForest,1,1,1.0
644681,RandomForest,0,0,0.0
419314,RandomForest,0,0,0.0
1047850,RandomForest,0,0,0.0
88507,RandomForest,1,1,1.0
315873,RandomForest,1,1,1.0
1000469,RandomForest,0,0,0.0
911936,RandomForest,0,0,0.0
948291,RandomForest,0,0,0.0
89807,RandomForest,1,1,1.0
297411,RandomForest,1,1,1.0
242336,RandomForest,1,1,1.0
306365,RandomForest,1,1,1.0
39354,RandomForest,1,1,1.0
456143,RandomForest,0,0,0.0
344473,RandomForest,1,1,1.0
535761,RandomForest,0,0,0.0
878352,RandomForest,0,0,0.0
117314,RandomForest,1,1,1.0
258004,RandomForest,1,1,1.0
564970,RandomForest,0,0,0.0
579918,RandomForest,0,0,0.0
905550,RandomForest,0,0,0.0
496164,RandomForest,0,0,0.0
619546,RandomForest,0,0,0.0
710552,RandomForest,0,0,0.0
420523,RandomForest,0,0,0.0
131140,RandomForest,1,1,1.0
473387,RandomForest,0,0,0.0
829659,RandomForest,0,0,0.0
726366,RandomForest,0,0,0.0
71155,RandomForest,1,1,1.0
468501,RandomForest,0,0,0.0
503160,RandomForest,0,0,0.0
494173,RandomForest,0,0,0.0
74288,RandomForest,1,1,1.0
832948,RandomForest,0,0,0.0
194720,RandomForest,1,1,1.0
701031,RandomForest,0,0,0.0
380262,RandomForest,1,1,1.0
970239,RandomForest,0,0,0.0
713650,RandomForest,0,0,0.0
444222,RandomForest,0,0,0.0
568773,RandomForest,0,0,0.0
872002,RandomForest,0,0,0.0
405136,RandomForest,0,0,0.0
614362,RandomForest,0,0,0.0
632951,RandomForest,0,0,0.0
167913,RandomForest,1,1,1.0
877355,RandomForest,0,0,0.0
1042857,RandomForest,0,0,0.0
116641,RandomForest,1,1,1.0
561847,RandomForest,0,0,0.0
224555,RandomForest,1,1,1.0
473712,RandomForest,0,0,0.0
496244,RandomForest,0,0,0.0
191730,RandomForest,1,1,1.0
505194,RandomForest,0,0,0.0
300192,RandomForest,1,1,1.0
878602,RandomForest,0,0,0.0
156340,RandomForest,1,1,1.0
152699,RandomForest,1,1,1.0
333561,RandomForest,1,1,1.0
38157,RandomForest,1,1,1.0
102894,RandomForest,1,1,1.0
688970,RandomForest,0,0,0.0
615614,RandomForest,0,0,0.0
738519,RandomForest,0,0,0.0
898945,RandomForest,0,0,0.0
235119,RandomForest,1,1,1.0
233634,RandomForest,1,1,1.0
980492,RandomForest,0,0,0.0
279951,RandomForest,1,1,1.0
391088,RandomForest,0,0,0.0
897975,RandomForest,0,0,0.0
985576,RandomForest,0,0,0.0
622764,RandomForest,0,0,0.0
626964,RandomForest,0,0,0.0
929831,RandomForest,0,0,0.0
295536,RandomForest,1,1,1.0
330438,RandomForest,1,1,1.0
978788,RandomForest,0,0,0.0
106053,RandomForest,1,1,1.0
269122,RandomForest,1,1,1.0
723203,RandomForest,0,0,0.0
823570,RandomForest,0,0,0.0
334426,RandomForest,1,1,1.0
831530,RandomForest,0,0,0.0
391243,RandomForest,0,0,0.0
860628,RandomForest,0,0,0.0
44803,RandomForest,1,1,1.0
793639,RandomForest,0,0,0.0
832466,RandomForest,0,0,0.0
615565,RandomForest,0,0,0.0
510843,RandomForest,0,0,0.0
34550,RandomForest,1,1,1.0
452041,RandomForest,0,0,0.0
166246,RandomForest,1,1,1.0
427194,RandomForest,0,0,0.0
985478,RandomForest,0,0,0.0
378548,RandomForest,1,1,1.0
453961,RandomForest,0,0,0.0
913655,RandomForest,0,0,0.0
4183,RandomForest,1,1,1.0
996469,RandomForest,0,0,0.0
883265,RandomForest,0,0,0.0
416922,RandomForest,0,0,0.0
253559,RandomForest,1,1,1.0
28205,RandomForest,1,1,1.0
5394,RandomForest,1,1,1.0
910610,RandomForest,0,0,0.0
737441,RandomForest,0,0,0.0
825946,RandomForest,0,0,0.0
823592,RandomForest,0,0,0.0
897981,RandomForest,0,0,0.0
316455,RandomForest,1,1,1.0
783048,RandomForest,0,0,0.0
535262,RandomForest,0,0,0.0
784139,RandomForest,0,0,0.0
875335,RandomForest,0,0,0.0
981094,RandomForest,0,0,0.0
594141,RandomForest,0,0,0.0
754914,RandomForest,0,0,0.0
719271,RandomForest,0,0,0.0
634411,RandomForest,0,0,0.0
170200,RandomForest,1,1,1.0
990748,RandomForest,0,0,0.0
706345,RandomForest,0,0,0.0
391880,RandomForest,0,0,0.0
412283,RandomForest,0,0,0.0
353167,RandomForest,1,1,1.0
184592,RandomForest,1,1,1.0
571171,RandomForest,0,0,0.0
770616,RandomForest,0,0,0.0
839442,RandomForest,0,0,0.0
39068,RandomForest,1,1,1.0
42570,RandomForest,1,1,1.0
75308,RandomForest,1,1,1.0
55281,RandomForest,1,1,1.0
139004,RandomForest,1,1,1.0
301831,RandomForest,1,1,1.0
117722,RandomForest,1,1,1.0
714458,RandomForest,0,0,0.0
585858,RandomForest,0,0,0.0
518664,RandomForest,0,0,0.0
466655,RandomForest,0,0,0.0
414164,RandomForest,0,0,0.0
49782,RandomForest,1,1,1.0
772185,RandomForest,0,0,0.0
3506,RandomForest,1,1,1.0
654301,RandomForest,0,0,0.0
156503,RandomForest,1,1,1.0
716799,RandomForest,0,0,0.0
480447,RandomForest,0,0,0.0
821740,RandomForest,0,0,0.0
306475,RandomForest,1,1,1.0
139874,RandomForest,1,1,1.0
781579,RandomForest,0,0,0.0
586188,RandomForest,0,0,0.0
119861,RandomForest,1,1,1.0
480074,RandomForest,0,0,0.0
67405,RandomForest,1,1,1.0
840593,RandomForest,0,0,0.0
1014666,RandomForest,0,0,0.0
910027,RandomForest,0,0,0.0
683997,RandomForest,0,0,0.0
746331,RandomForest,0,0,0.0
733740,RandomForest,0,0,0.0
474664,RandomForest,0,0,0.0
896464,RandomForest,0,0,0.0
370937,RandomForest,0,0,0.0
297818,RandomForest,1,1,1.0
159794,RandomForest,1,1,1.0
963624,RandomForest,0,0,0.0
292540,RandomForest,1,1,1.0
531775,RandomForest,0,0,0.0
141029,RandomForest,1,1,1.0
799803,RandomForest,0,0,0.0
539983,RandomForest,0,0,0.0
882381,RandomForest,0,0,0.0
424416,RandomForest,0,0,0.0
696569,RandomForest,0,0,0.0
341512,RandomForest,1,1,1.0
843641,RandomForest,0,0,0.0
1016748,RandomForest,0,0,0.0
360918,RandomForest,1,1,1.0
190611,RandomForest,1,1,1.0
352165,RandomForest,1,1,1.0
93164,RandomForest,1,1,1.0
656135,RandomForest,0,0,0.0
996408,RandomForest,0,0,0.0
222029,RandomForest,1,1,1.0
670322,RandomForest,0,0,0.0
632151,RandomForest,0,0,0.0
741543,RandomForest,0,0,0.0
695444,RandomForest,0,0,0.0
896595,RandomForest,0,0,0.0
396391,RandomForest,0,0,0.0
978357,RandomForest,0,0,0.0
438827,RandomForest,0,0,0.0
31357,RandomForest,1,1,1.0
354115,RandomForest,1,1,1.0
25186,RandomForest,1,1,1.0
486599,RandomForest,0,0,0.0
411922,RandomForest,0,0,0.0
959729,RandomForest,0,0,0.0
979965,RandomForest,0,0,0.0
168850,RandomForest,1,1,1.0
534239,RandomForest,0,0,0.0
927153,RandomForest,0,0,0.0
953128,RandomForest,0,0,0.0
570744,RandomForest,0,0,0.0
766797,RandomForest,0,0,0.0
308909,RandomForest,1,1,1.0
909511,RandomForest,0,0,0.0
849827,RandomForest,0,0,0.0
763002,RandomForest,0,0,0.0
1012163,RandomForest,0,0,0.0
440257,RandomForest,0,0,0.0
944190,RandomForest,0,0,0.0
330572,RandomForest,1,1,1.0
108886,RandomForest,1,1,1.0
495230,RandomForest,0,0,0.0
991405,RandomForest,0,0,0.0
514005,RandomForest,0,0,0.0
211617,RandomForest,1,1,1.0
108384,RandomForest,1,1,1.0
709169,RandomForest,0,0,0.0
802645,RandomForest,0,0,0.0
717328,RandomForest,0,0,0.0
564753,RandomForest,0,0,0.0
913529,RandomForest,0,0,0.0
876433,RandomForest,0,0,0.0
453876,RandomForest,0,0,0.0
339491,RandomForest,1,1,1.0
716143,RandomForest,0,0,0.0
557414,RandomForest,0,0,0.0
83403,RandomForest,1,1,1.0
181271,RandomForest,1,1,1.0
201971,RandomForest,1,1,1.0
245728,RandomForest,1,1,1.0
1027623,RandomForest,0,0,0.0
147187,RandomForest,1,1,1.0
654078,RandomForest,0,0,0.0
847355,RandomForest,0,0,0.0
695005,RandomForest,0,0,0.0
167380,RandomForest,1,1,1.0
504800,RandomForest,0,0,0.0
680187,RandomForest,0,0,0.0
344529,RandomForest,1,1,1.0
710279,RandomForest,0,0,0.0
767362,RandomForest,0,0,0.0
811938,RandomForest,0,0,0.0
817429,RandomForest,0,0,0.0
265706,RandomForest,1,1,1.0
80357,RandomForest,1,1,1.0
1018170,RandomForest,0,0,0.0
940264,RandomForest,0,0,0.0
498501,RandomForest,0,0,0.0
572197,RandomForest,0,0,0.0
817367,RandomForest,0,0,0.0
185568,RandomForest,1,1,1.0
813656,RandomForest,0,0,0.0
849573,RandomForest,0,0,0.0
653681,RandomForest,0,0,0.0
947090,RandomForest,0,0,0.0
450712,RandomForest,0,0,0.0
27329,RandomForest,1,1,1.0
918112,RandomForest,0,0,0.0
222754,RandomForest,1,1,1.0
746870,RandomForest,0,0,0.0
539417,RandomForest,0,0,0.0
290037,RandomForest,1,1,1.0
727336,RandomForest,0,0,0.0
900747,RandomForest,0,0,0.0
253707,RandomForest,1,1,1.0
506565,RandomForest,0,0,0.0
562112,RandomForest,0,0,0.0
737748,RandomForest,0,0,0.0
447444,RandomForest,0,0,0.0
29755,RandomForest,1,1,1.0
562597,RandomForest,0,0,0.0
872046,RandomForest,0,0,0.0
312193,RandomForest,1,1,1.0
620457,RandomForest,0,0,0.0
521924,RandomForest,0,0,0.0
683869,RandomForest,0,0,0.0
175134,RandomForest,1,1,1.0
107098,RandomForest,1,1,1.0
57846,RandomForest,1,1,1.0
893125,RandomForest,0,0,0.0
109139,RandomForest,1,1,1.0
778926,RandomForest,0,0,0.0
759887,RandomForest,0,0,0.0
294207,RandomForest,1,1,1.0
739985,RandomForest,0,0,0.0
314212,RandomForest,1,1,1.0
658627,RandomForest,0,0,0.0
606344,RandomForest,0,0,0.0
124383,RandomForest,1,1,1.0
210795,RandomForest,1,1,1.0
106415,RandomForest,1,1,1.0
214471,RandomForest,1,1,1.0
702288,RandomForest,0,0,0.0
44120,RandomForest,1,1,1.0
707205,RandomForest,0,0,0.0
648273,RandomForest,0,0,0.0
802628,RandomForest,0,0,0.0
539389,RandomForest,0,0,0.0
733033,RandomForest,0,0,0.0
695740,RandomForest,0,0,0.0
422435,RandomForest,0,0,0.0
778803,RandomForest,0,0,0.0
784433,RandomForest,0,0,0.0
236081,RandomForest,1,1,1.0
185354,RandomForest,1,1,1.0
387491,RandomForest,0,0,0.0
662605,RandomForest,0,0,0.0
74863,RandomForest,1,1,1.0
210763,RandomForest,1,1,1.0
579235,RandomForest,0,0,0.0
19667,RandomForest,1,1,1.0
356544,RandomForest,1,1,1.0
745028,RandomForest,0,0,0.0
820722,RandomForest,0,0,0.0
532646,RandomForest,0,0,0.0
299486,RandomForest,1,1,1.0
694722,RandomForest,0,0,0.0
290605,RandomForest,1,1,1.0
906372,RandomForest,0,0,0.0
847246,RandomForest,0,0,0.0
128070,RandomForest,1,1,1.0
74188,RandomForest,1,1,1.0
515276,RandomForest,0,0,0.0
409930,RandomForest,0,0,0.0
580341,RandomForest,0,0,0.0
1040724,RandomForest,0,0,0.0
802777,RandomForest,0,0,0.0
886546,RandomForest,0,0,0.0
32123,RandomForest,1,1,1.0
4347,RandomForest,1,1,1.0
952799,RandomForest,0,0,0.0
825868,RandomForest,0,0,0.0
269162,RandomForest,1,1,1.0
222186,RandomForest,1,1,1.0
338312,RandomForest,1,1,1.0
690911,RandomForest,0,0,0.0
887792,RandomForest,0,0,0.0
1024345,RandomForest,0,0,0.0
404051,RandomForest,0,0,0.0
688136,RandomForest,0,0,0.0
254903,RandomForest,1,1,1.0
257169,RandomForest,1,1,1.0
225010,RandomForest,1,1,1.0
302373,RandomForest,1,1,1.0
1011123,RandomForest,0,0,0.0
849240,RandomForest,0,0,0.0
536753,RandomForest,0,0,0.0
367660,RandomForest,1,1,1.0
1001010,RandomForest,0,0,0.0
729719,RandomForest,0,0,0.0
242364,RandomForest,1,1,1.0
1018845,RandomForest,0,0,0.0
807447,RandomForest,0,0,0.0
863469,RandomForest,0,0,0.0
251688,RandomForest,1,1,1.0
603452,RandomForest,0,0,0.0
669213,RandomForest,0,0,0.0
553445,RandomForest,0,0,0.0
119619,RandomForest,1,1,1.0
448856,RandomForest,0,0,0.0
602372,RandomForest,0,0,0.0
125988,RandomForest,1,1,1.0
638180,RandomForest,0,0,0.0
995462,RandomForest,0,0,0.0
1018084,RandomForest,0,0,0.0
745667,RandomForest,0,0,0.0
734428,RandomForest,0,0,0.0
622062,RandomForest,0,0,0.0
165080,RandomForest,1,1,1.0
1016277,RandomForest,0,0,0.0
184844,RandomForest,1,1,1.0
783907,RandomForest,0,0,0.0
792052,RandomForest,0,0,0.0
949454,RandomForest,0,0,0.0
527911,RandomForest,0,0,0.0
273755,RandomForest,1,1,1.0
453271,RandomForest,0,0,0.0
584946,RandomForest,0,0,0.0
146463,RandomForest,1,1,1.0
671850,RandomForest,0,0,0.0
158595,RandomForest,1,1,1.0
906849,RandomForest,0,0,0.0
754949,RandomForest,0,0,0.0
352270,RandomForest,1,1,1.0
369171,RandomForest,1,1,1.0
49245,RandomForest,1,1,1.0
678680,RandomForest,0,0,0.0
1002906,RandomForest,0,0,0.0
321700,RandomForest,1,1,1.0
755682,RandomForest,0,0,0.0
585480,RandomForest,0,0,0.0
477362,RandomForest,0,0,0.0
490516,RandomForest,0,0,0.0
1018829,RandomForest,0,0,0.0
604283,RandomForest,0,0,0.0
339892,RandomForest,1,1,1.0
492616,RandomForest,0,0,0.0
233442,RandomForest,1,1,1.0
825133,RandomForest,0,0,0.0
921122,RandomForest,0,0,0.0
963148,RandomForest,0,0,0.0
543741,RandomForest,0,0,0.0
609745,RandomForest,0,0,0.0
879931,RandomForest,0,0,0.0
739540,RandomForest,0,0,0.0
78833,RandomForest,1,1,1.0
717559,RandomForest,0,0,0.0
939073,RandomForest,0,0,0.0
63326,RandomForest,1,1,1.0
533713,RandomForest,0,0,0.0
95782,RandomForest,1,1,1.0
386829,RandomForest,0,0,0.0
289030,RandomForest,1,1,1.0
569949,RandomForest,0,0,0.0
992554,RandomForest,0,0,0.0
578615,RandomForest,0,0,0.0
211805,RandomForest,1,1,1.0
636049,RandomForest,0,0,0.0
971915,RandomForest,0,0,0.0
434284,RandomForest,0,0,0.0
368162,RandomForest,1,1,1.0
462103,RandomForest,0,0,0.0
372449,RandomForest,1,1,1.0
115888,RandomForest,1,1,1.0
359900,RandomForest,1,1,1.0
243903,RandomForest,1,1,1.0
139707,RandomForest,1,1,1.0
107790,RandomForest,1,1,1.0
941795,RandomForest,0,0,0.0
582839,RandomForest,0,0,0.0
737095,RandomForest,0,0,0.0
859061,RandomForest,0,0,0.0
80464,RandomForest,1,1,1.0
685536,RandomForest,0,0,0.0
998366,RandomForest,0,0,0.0
555730,RandomForest,0,0,0.0
334253,RandomForest,1,1,1.0
690086,RandomForest,0,0,0.0
937442,RandomForest,0,0,0.0
932805,RandomForest,0,0,0.0
438611,RandomForest,0,0,0.0
251866,RandomForest,1,1,1.0
957936,RandomForest,0,0,0.0
788370,RandomForest,0,0,0.0
774233,RandomForest,0,0,0.0
31122,RandomForest,1,1,1.0
110565,RandomForest,1,1,1.0
877532,RandomForest,0,0,0.0
672148,RandomForest,0,0,0.0
350009,RandomForest,1,1,1.0
268820,RandomForest,1,1,1.0
933250,RandomForest,0,0,0.0
824138,RandomForest,0,0,0.0
749566,RandomForest,0,0,0.0
943016,RandomForest,0,0,0.0
1014161,RandomForest,0,0,0.0
928716,RandomForest,0,0,0.0
47449,RandomForest,1,1,1.0
800523,RandomForest,0,0,0.0
250404,RandomForest,1,1,1.0
1020748,RandomForest,0,0,0.0
339070,RandomForest,1,1,1.0
309377,RandomForest,1,1,1.0
843331,RandomForest,0,0,0.0
757875,RandomForest,0,0,0.0
833951,RandomForest,0,0,0.0
805485,RandomForest,0,0,0.0
991320,RandomForest,0,0,0.0
935446,RandomForest,0,0,0.0
299044,RandomForest,1,1,1.0
997290,RandomForest,0,0,0.0
985535,RandomForest,0,0,0.0
341252,RandomForest,1,1,1.0
814711,RandomForest,0,0,0.0
830532,RandomForest,0,0,0.0
924751,RandomForest,0,0,0.0
106476,RandomForest,1,1,1.0
415428,RandomForest,0,0,0.0
819289,RandomForest,0,0,0.0
211266,RandomForest,1,1,1.0
212555,RandomForest,1,1,1.0
610654,RandomForest,0,0,0.0
17244,RandomForest,1,1,1.0
559364,RandomForest,0,0,0.0
247280,RandomForest,1,1,1.0
525763,RandomForest,0,0,0.0
421288,RandomForest,0,0,0.0
482839,RandomForest,0,0,0.0
1019324,RandomForest,0,0,0.0
176112,RandomForest,1,1,1.0
590442,RandomForest,0,0,0.0
261223,RandomForest,1,1,1.0
633799,RandomForest,0,0,0.0
474701,RandomForest,0,0,0.0
340797,RandomForest,1,1,1.0
417229,RandomForest,0,0,0.0
390948,RandomForest,0,0,0.0
221945,RandomForest,1,1,1.0
111434,RandomForest,1,1,1.0
999946,RandomForest,0,0,0.0
439207,RandomForest,0,0,0.0
134958,RandomForest,1,1,1.0
758432,RandomForest,0,0,0.0
180153,RandomForest,1,1,1.0
192061,RandomForest,1,1,1.0
1030966,RandomForest,0,0,0.0
849300,RandomForest,0,0,0.0
770395,RandomForest,0,0,0.0
286095,RandomForest,1,1,1.0
671269,RandomForest,0,0,0.0
627966,RandomForest,0,0,0.0
833805,RandomForest,0,0,0.0
702623,RandomForest,0,0,0.0
693933,RandomForest,0,0,0.0
470084,RandomForest,0,0,0.0
743821,RandomForest,0,0,0.0
1005181,RandomForest,0,0,0.0
311828,RandomForest,1,1,1.0
28773,RandomForest,1,1,1.0
313460,RandomForest,1,1,1.0
710890,RandomForest,0,0,0.0
421212,RandomForest,0,0,0.0
526916,RandomForest,0,0,0.0
397847,RandomForest,0,0,0.0
37434,RandomForest,1,1,1.0
108965,RandomForest,1,1,1.0
343008,RandomForest,1,1,1.0
567939,RandomForest,0,0,0.0
112448,RandomForest,1,1,1.0
505625,RandomForest,0,0,0.0
95728,RandomForest,1,1,1.0
571806,RandomForest,0,0,0.0
633322,RandomForest,0,0,0.0
578817,RandomForest,0,0,0.0
307084,RandomForest,1,1,1.0
298379,RandomForest,1,1,1.0
194452,RandomForest,1,1,1.0
320469,RandomForest,1,1,1.0
907773,RandomForest,0,0,0.0
215502,RandomForest,1,1,1.0
1005172,RandomForest,0,0,0.0
461061,RandomForest,0,0,0.0
263668,RandomForest,1,1,1.0
1007611,RandomForest,0,0,0.0
1034799,RandomForest,0,0,0.0
54655,RandomForest,1,1,1.0
657564,RandomForest,0,0,0.0
257431,RandomForest,1,1,1.0
241517,RandomForest,1,1,1.0
210433,RandomForest,1,1,1.0
47375,RandomForest,1,1,1.0
333850,RandomForest,1,1,1.0
579925,RandomForest,0,0,0.0
1036643,RandomForest,0,0,0.0
588552,RandomForest,0,0,0.0
404278,RandomForest,0,0,0.0
163177,RandomForest,1,1,1.0
120194,RandomForest,1,1,1.0
376031,RandomForest,0,0,0.0
787470,RandomForest,0,0,0.0
331698,RandomForest,1,1,1.0
805548,RandomForest,0,0,0.0
679662,RandomForest,0,0,0.0
393934,RandomForest,0,0,0.0
965058,RandomForest,0,0,0.0
969794,RandomForest,0,0,0.0
529661,RandomForest,0,0,0.0
33530,RandomForest,1,1,1.0
836998,RandomForest,0,0,0.0
867646,RandomForest,0,0,0.0
58348,RandomForest,1,1,1.0
337019,RandomForest,1,1,1.0
650995,RandomForest,0,0,0.0
78860,RandomForest,1,1,1.0
361369,RandomForest,1,1,1.0
799247,RandomForest,0,0,0.0
531057,RandomForest,0,0,0.0
801485,RandomForest,0,0,0.0
554696,RandomForest,0,0,0.0
117505,RandomForest,1,1,1.0
77655,RandomForest,1,1,1.0
926392,RandomForest,0,0,0.0
139475,RandomForest,1,1,1.0
506898,RandomForest,0,0,0.0
814762,RandomForest,0,0,0.0
427870,RandomForest,0,0,0.0
912801,RandomForest,0,0,0.0
327338,RandomForest,1,1,1.0
445751,RandomForest,0,0,0.0
206669,RandomForest,1,1,1.0
813673,RandomForest,0,0,0.0
200143,RandomForest,1,1,1.0
47194,RandomForest,1,1,1.0
97248,RandomForest,1,1,1.0
35422,RandomForest,1,1,1.0
239205,RandomForest,1,1,1.0
745791,RandomForest,0,0,0.0
1033006,RandomForest,0,0,0.0
801757,RandomForest,0,0,0.0
693995,RandomForest,0,0,0.0
571870,RandomForest,0,0,0.0
799851,RandomForest,0,0,0.0
111431,RandomForest,1,1,1.0
66951,RandomForest,1,1,1.0
942465,RandomForest,0,0,0.0
145623,RandomForest,1,1,1.0
291282,RandomForest,1,1,1.0
956831,RandomForest,0,0,0.0
317520,RandomForest,1,1,1.0
2430,RandomForest,1,1,1.0
621018,RandomForest,0,0,0.0
522355,RandomForest,0,0,0.0
601457,RandomForest,0,0,0.0
824592,RandomForest,0,0,0.0
840933,RandomForest,0,0,0.0
825630,RandomForest,0,0,0.0
687847,RandomForest,0,0,0.0
269840,RandomForest,1,1,1.0
890443,RandomForest,0,0,0.0
45052,RandomForest,1,1,1.0
298858,RandomForest,1,1,1.0
918693,RandomForest,0,0,0.0
855011,RandomForest,0,0,0.0
81321,RandomForest,1,1,1.0
671602,RandomForest,0,0,0.0
536583,RandomForest,0,0,0.0
483991,RandomForest,0,0,0.0
349550,RandomForest,1,1,1.0
587750,RandomForest,0,0,0.0
429172,RandomForest,0,0,0.0
625548,RandomForest,0,0,0.0
546618,RandomForest,0,0,0.0
785324,RandomForest,0,0,0.0
746079,RandomForest,0,0,0.0
940361,RandomForest,0,0,0.0
89160,RandomForest,1,1,1.0
205115,RandomForest,1,1,1.0
642063,RandomForest,0,0,0.0
449440,RandomForest,0,0,0.0
374844,RandomForest,1,1,1.0
501509,RandomForest,0,0,0.0
685820,RandomForest,0,0,0.0
261704,RandomForest,1,1,1.0
382627,RandomForest,1,1,1.0
8048,RandomForest,1,1,1.0
476344,RandomForest,0,0,0.0
924680,RandomForest,0,0,0.0
251474,RandomForest,1,1,1.0
336727,RandomForest,1,1,1.0
923131,RandomForest,0,0,0.0
478448,RandomForest,0,0,0.0
862301,RandomForest,0,0,0.0
143392,RandomForest,1,1,1.0
487857,RandomForest,0,0,0.0
914953,RandomForest,0,0,0.0
992504,RandomForest,0,0,0.0
1039623,RandomForest,0,0,0.0
124376,RandomForest,1,1,1.0
173112,RandomForest,1,1,1.0
792164,RandomForest,0,0,0.0
465378,RandomForest,0,0,0.0
293375,RandomForest,1,1,1.0
935753,RandomForest,0,0,0.0
847243,RandomForest,0,0,0.0
580265,RandomForest,0,0,0.0
266426,RandomForest,1,1,1.0
1005542,RandomForest,0,0,0.0
546281,RandomForest,0,0,0.0
224913,RandomForest,1,1,1.0
603569,RandomForest,0,0,0.0
328307,RandomForest,1,1,1.0
1014883,RandomForest,0,0,0.0
907258,RandomForest,0,0,0.0
728711,RandomForest,0,0,0.0
181609,RandomForest,1,1,1.0
204986,RandomForest,1,1,1.0
984028,RandomForest,0,0,0.0
118780,RandomForest,1,1,1.0
426884,RandomForest,0,0,0.0
603709,RandomForest,0,0,0.0
93095,RandomForest,1,1,1.0
802017,RandomForest,0,0,0.0
625254,RandomForest,0,0,0.0
973599,RandomForest,0,0,0.0
981012,RandomForest,0,0,0.0
1013910,RandomForest,0,0,0.0
2190,RandomForest,1,1,1.0
1010865,RandomForest,0,0,0.0
728368,RandomForest,0,0,0.0
321973,RandomForest,1,1,1.0
181635,RandomForest,1,1,1.0
578377,RandomForest,0,0,0.0
451582,RandomForest,0,0,0.0
386038,RandomForest,0,0,0.0
691028,RandomForest,0,0,0.0
857723,RandomForest,0,0,0.0
700486,RandomForest,0,0,0.0
169741,RandomForest,1,1,1.0
747802,RandomForest,0,0,0.0
279498,RandomForest,1,1,1.0
544291,RandomForest,0,0,0.0
759319,RandomForest,0,0,0.0
773449,RandomForest,0,0,0.0
130152,RandomForest,1,1,1.0
960218,RandomForest,0,0,0.0
75333,RandomForest,1,1,1.0
419148,RandomForest,0,0,0.0
647270,RandomForest,0,0,0.0
947858,RandomForest,0,0,0.0
991227,RandomForest,0,0,0.0
68842,RandomForest,1,1,1.0
532761,RandomForest,0,0,0.0
633814,RandomForest,0,0,0.0
394123,RandomForest,0,0,0.0
283849,RandomForest,1,1,1.0
1034910,RandomForest,0,0,0.0
907434,RandomForest,0,0,0.0
640342,RandomForest,0,0,0.0
793618,RandomForest,0,0,0.0
346818,RandomForest,1,1,1.0
649232,RandomForest,0,0,0.0
955973,RandomForest,0,0,0.0
521538,RandomForest,0,0,0.0
726214,RandomForest,0,0,0.0
525256,RandomForest,0,0,0.0
381477,RandomForest,0,0,0.01
350928,RandomForest,1,1,1.0
1027569,RandomForest,0,0,0.0
98915,RandomForest,1,1,1.0
732233,RandomForest,0,0,0.0
656130,RandomForest,0,0,0.0
172589,RandomForest,1,1,1.0
855326,RandomForest,0,0,0.0
675996,RandomForest,0,0,0.0
179556,RandomForest,1,1,1.0
852595,RandomForest,0,0,0.0
375833,RandomForest,1,1,1.0
385272,RandomForest,0,0,0.0
265704,RandomForest,1,1,1.0
537838,RandomForest,0,0,0.0
852344,RandomForest,0,0,0.0
80403,RandomForest,1,1,1.0
522091,RandomForest,0,0,0.0
361983,RandomForest,1,1,1.0
148845,RandomForest,1,1,1.0
1022946,RandomForest,0,0,0.0
459542,RandomForest,0,0,0.0
139764,RandomForest,1,1,1.0
525338,RandomForest,0,0,0.0
533342,RandomForest,0,0,0.0
821388,RandomForest,0,0,0.0
292667,RandomForest,1,1,1.0
90222,RandomForest,1,1,1.0
323796,RandomForest,1,1,1.0
900304,RandomForest,0,0,0.0
813643,RandomForest,0,0,0.0
728533,RandomForest,0,0,0.0
173189,RandomForest,1,1,1.0
930490,RandomForest,0,0,0.0
925012,RandomForest,0,0,0.0
135684,RandomForest,1,1,1.0
861813,RandomForest,0,0,0.0
1026182,RandomForest,0,0,0.0
237326,RandomForest,1,1,1.0
622154,RandomForest,0,0,0.0
451075,RandomForest,0,0,0.0
781846,RandomForest,0,0,0.0
164416,RandomForest,1,1,1.0
846855,RandomForest,0,0,0.0
622754,RandomForest,0,0,0.0
65928,RandomForest,1,1,1.0
312614,RandomForest,1,1,1.0
173299,RandomForest,1,1,1.0
98602,RandomForest,1,1,1.0
256007,RandomForest,1,1,1.0
91590,RandomForest,1,1,1.0
506571,RandomForest,0,0,0.0
351532,RandomForest,1,1,1.0
517140,RandomForest,0,0,0.0
425154,RandomForest,0,0,0.0
695308,RandomForest,0,0,0.0
920254,RandomForest,0,0,0.0
909153,RandomForest,0,0,0.0
464934,RandomForest,0,0,0.0
27864,RandomForest,1,1,1.0
538005,RandomForest,0,0,0.0
458309,RandomForest,0,0,0.0
147436,RandomForest,1,1,1.0
510134,RandomForest,0,0,0.0
967296,RandomForest,0,0,0.0
5461,RandomForest,1,1,1.0
396520,RandomForest,0,0,0.0
761730,RandomForest,0,0,0.0
484661,RandomForest,0,0,0.0
287029,RandomForest,1,1,1.0
323259,RandomForest,1,1,1.0
722516,RandomForest,0,0,0.0
38689,RandomForest,1,1,1.0
351598,RandomForest,1,1,1.0
877183,RandomForest,0,0,0.0
705673,RandomForest,0,0,0.0
670891,RandomForest,0,0,0.0
740740,RandomForest,0,0,0.0
653025,RandomForest,0,0,0.0
142291,RandomForest,1,1,1.0
139720,RandomForest,1,1,1.0
279779,RandomForest,1,1,1.0
172523,RandomForest,1,1,1.0
337379,RandomForest,1,1,1.0
61651,RandomForest,1,1,1.0
28088,RandomForest,1,1,1.0
172003,RandomForest,1,1,1.0
377127,RandomForest,1,1,1.0
276098,RandomForest,1,1,1.0
746563,RandomForest,0,0,0.0
51957,RandomForest,1,1,1.0
615457,RandomForest,0,0,0.0
739558,RandomForest,0,0,0.0
705845,RandomForest,0,0,0.0
23682,RandomForest,1,1,1.0
340017,RandomForest,1,1,1.0
320246,RandomForest,1,1,1.0
333224,RandomForest,1,1,1.0
452065,RandomForest,0,0,0.0
681491,RandomForest,0,0,0.0
773378,RandomForest,0,0,0.0
167471,RandomForest,1,1,1.0
644477,RandomForest,0,0,0.0
664231,RandomForest,0,0,0.0
134011,RandomForest,1,1,1.0
134895,RandomForest,1,1,1.0
893802,RandomForest,0,0,0.0
739939,RandomForest,0,0,0.0
467598,RandomForest,0,0,0.0
837266,RandomForest,0,0,0.0
633510,RandomForest,0,0,0.0
37409,RandomForest,1,1,1.0
513016,RandomForest,0,0,0.0
511270,RandomForest,0,0,0.0
210124,RandomForest,1,1,1.0
72023,RandomForest,1,1,1.0
25509,RandomForest,1,1,1.0
820,RandomForest,1,1,1.0
448362,RandomForest,0,0,0.0
461563,RandomForest,0,0,0.0
395825,RandomForest,0,0,0.0
553420,RandomForest,0,0,0.0
809116,RandomForest,0,0,0.0
94578,RandomForest,1,1,1.0
776223,RandomForest,0,0,0.0
556739,RandomForest,0,0,0.0
816619,RandomForest,0,0,0.0
758959,RandomForest,0,0,0.0
380624,RandomForest,1,1,1.0
227281,RandomForest,1,1,1.0
777878,RandomForest,0,0,0.0
65523,RandomForest,1,1,1.0
40675,RandomForest,1,1,1.0
935591,RandomForest,0,0,0.0
1034191,RandomForest,0,0,0.0
977039,RandomForest,0,0,0.0
508398,RandomForest,0,0,0.0
974394,RandomForest,0,0,0.0
845723,RandomForest,0,0,0.0
963168,RandomForest,0,0,0.0
671070,RandomForest,0,0,0.0
720188,RandomForest,0,0,0.0
190610,RandomForest,1,1,1.0
828229,RandomForest,0,0,0.0
66176,RandomForest,1,1,1.0
845089,RandomForest,0,0,0.0
429998,RandomForest,0,0,0.0
131742,RandomForest,1,1,1.0
38251,RandomForest,1,1,1.0
753352,RandomForest,0,0,0.0
756211,RandomForest,0,0,0.0
888545,RandomForest,0,0,0.0
1018432,RandomForest,0,0,0.0
527253,RandomForest,0,0,0.0
787974,RandomForest,0,0,0.0
226060,RandomForest,1,1,1.0
282673,RandomForest,1,1,1.0
1046436,RandomForest,0,0,0.0
353476,RandomForest,1,1,1.0
685069,RandomForest,0,0,0.0
604614,RandomForest,0,0,0.0
67362,RandomForest,1,1,1.0
3918,RandomForest,1,1,1.0
282150,RandomForest,1,1,1.0
857747,RandomForest,0,0,0.0
970847,RandomForest,0,0,0.0
258101,RandomForest,1,1,1.0
848246,RandomForest,0,0,0.0
984651,RandomForest,0,0,0.0
920331,RandomForest,0,0,0.0
1029740,RandomForest,0,0,0.0
546441,RandomForest,0,0,0.0
542525,RandomForest,0,0,0.0
1043289,RandomForest,0,0,0.0
943912,RandomForest,0,0,0.0
31353,RandomForest,1,1,1.0
225996,RandomForest,1,1,1.0
112323,RandomForest,1,1,1.0
303463,RandomForest,1,1,1.0
991677,RandomForest,0,0,0.0
823070,RandomForest,0,0,0.0
504334,RandomForest,0,0,0.0
887590,RandomForest,0,0,0.0
233055,RandomForest,1,1,1.0
20847,RandomForest,1,1,1.0
790043,RandomForest,0,0,0.0
463185,RandomForest,0,0,0.0
367235,RandomForest,1,1,1.0
713562,RandomForest,0,0,0.0
690938,RandomForest,0,0,0.0
812818,RandomForest,0,0,0.0
263102,RandomForest,1,1,1.0
434819,RandomForest,0,0,0.0
1015688,RandomForest,0,0,0.0
804370,RandomForest,0,0,0.0
578647,RandomForest,0,0,0.0
780507,RandomForest,0,0,0.0
535046,RandomForest,0,0,0.0
771112,RandomForest,0,0,0.0
711233,RandomForest,0,0,0.0
