Model,Scenario_Setting,Precision_Delta,Recall_Delta,F1-Score_Delta,PR-AUC_Delta,False Alarm Rate_Delta,Alert Rate_Delta
XGBoost,S1_Imbalance_Ratio_1.0,0.0,0.0,0.0,0.0,-0.0,-0.0
XGBoost,S1_Imbalance_Ratio_0.1,-1.518895231811257e-09,-5.511615730158237e-05,-2.7558838103791672e-05,-2.2783746000953897e-09,-0.0,1.999999999996449e-05
XGBoost,S1_Imbalance_Ratio_0.02,-1.518895231811257e-09,-5.511615730158237e-05,-2.7558838103791672e-05,-1.5188955648781644e-09,-0.0,1.999999999996449e-05
XGBoost,S1_Imbalance_Ratio_0.01,-2.2784060194069866e-09,-8.267423595242906e-05,-4.133882677281875e-05,-1.3819631399236698e-05,-0.0,2.999999999997449e-05
XGBoost,S2_NoiseRobustness_Noise_Std0.01,-0.0012586163142164208,-0.7432138231322512,-0.5914543141860252,-0.03637049989971963,-0.00017264922386323075,0.26958
XGBoost,S2_NoiseRobustness_Noise_Std0.05,-0.002167109640064835,-0.7494143908286715,-0.5994135339258644,-0.09104978997947977,-0.00029821229576373074,0.27175
XGBoost,S2_NoiseRobustness_Missing_Rate0.01,2.755731922399196e-05,-0.020475652437512037,-0.010329944612548991,-6.875187887223078e-06,1.5695383987569255e-05,0.007440000000000002
XGBoost,S2_NoiseRobustness_Missing_Rate0.05,-3.355243389258078e-05,-0.09813431807534378,-0.05161267916690726,-0.00010644724049879706,-1.5695383987569255e-05,0.035599999999999965
XGBoost,S3_ShiftDrift_Window_1,2.755731922399196e-05,0.0,1.3778849465961862e-05,0.0,1.5695383987569255e-05,0.0006933333333333791
XGBoost,S3_ShiftDrift_Window_2,2.755731922399196e-05,0.0,1.3778849465961862e-05,0.0,1.5695383987569255e-05,-0.0007733333333332926
XGBoost,S3_ShiftDrift_Window_3,2.755731922399196e-05,0.0,1.3778849465961862e-05,0.0,1.5695383987569255e-05,0.0005333333333333856
XGBoost,S3_ShiftDrift_Window_4,-4.5831789832195824e-05,0.0,-2.2917051601845095e-05,0.0,-2.6189432766357445e-05,-0.00048000000000003595
XGBoost,S5_RealtimeInference_Batch5000,0.0,0.0,0.0,0.0,-0.0,-0.0
XGBoost,S5_RealtimeInference_Batch20000,0.0,0.0,0.0,0.0,-0.0,-0.0
RandomForest,S1_Imbalance_Ratio_1.0,0.0,0.0,0.0,0.0,-0.0,-0.0
RandomForest,S1_Imbalance_Ratio_0.1,0.0,-5.511615730158237e-05,-2.7558838119223772e-05,0.0,-0.0,2.0000000000020002e-05
RandomForest,S1_Imbalance_Ratio_0.02,0.0,-0.00041337117976136817,-0.00020672831764478872,0.0,-0.0,0.000150000000000039
RandomForest,S1_Imbalance_Ratio_0.01,0.0,-0.00041337117976136817,-0.00020672831764478872,-1.5188955648781644e-09,-0.0,0.000150000000000039
RandomForest,S2_NoiseRobustness_Noise_Std0.01,0.0,-0.9105464766996445,-0.8357827637669795,-0.11862427964945976,-0.0,0.33041000000000004
RandomForest,S2_NoiseRobustness_Noise_Std0.05,0.0,-0.954859867170061,-0.9136189848384971,-0.20307696449186297,-0.0,0.34649
RandomForest,S2_NoiseRobustness_Missing_Rate0.01,0.0,-0.005842312673960404,-0.002929714491031188,0.0,-0.0,0.0021200000000000108
RandomForest,S2_NoiseRobustness_Missing_Rate0.05,0.0,-0.035081434122412825,-0.017853887042257433,-7.562592518883804e-08,-0.0,0.012730000000000019
RandomForest,S3_ShiftDrift_Window_1,0.0,-7.362685907819078e-05,-3.6814784817651436e-05,-2.7102575739235135e-09,-0.0,0.0007100000000000439
RandomForest,S3_ShiftDrift_Window_2,0.0,0.0,0.0,0.0,-0.0,-0.0007833333333332471
RandomForest,S3_ShiftDrift_Window_3,0.0,0.0,0.0,0.0,-0.0,0.0005233333333334311
RandomForest,S3_ShiftDrift_Window_4,0.0,0.0,0.0,0.0,-0.0,-0.0004633333333332601
RandomForest,S5_RealtimeInference_Batch5000,0.0,0.0,0.0,0.0,-0.0,-0.0
RandomForest,S5_RealtimeInference_Batch20000,0.0,0.0,0.0,0.0,-0.0,-0.0
IsolationForest,S2_NoiseRobustness_Noise_Std0.01,0.3627541219785497,0.999200815719128,0.5322704952326426,0.033191222099774875,-0.8704816913345786,-0.91719
IsolationForest,S2_NoiseRobustness_Noise_Std0.05,0.3628636286362863,0.9999724419213492,0.5324978354343073,0.0478442230667096,-0.8707799036303424,-0.91766
IsolationForest,S2_NoiseRobustness_Missing_Rate0.01,0.0,0.0,0.0,0.0012409887779791795,0.0007219876634280975,0.0004600000000000021
IsolationForest,S2_NoiseRobustness_Missing_Rate0.05,0.0,0.0,0.0,0.005084068463577673,0.0030919906455511015,0.0019699999999999995
IsolationForest,S3_ShiftDrift_Window_1,0.0,0.0,0.0,0.006865836340394005,-0.01564987603606191,-0.010069999999999996
IsolationForest,S3_ShiftDrift_Window_2,0.0,0.0,0.0,0.008209590888442087,-0.015858058095413824,-0.009989999999999999
IsolationForest,S3_ShiftDrift_Window_3,0.0,0.0,0.0,0.007016786643000206,-0.016313526915722104,-0.010469999999999993
IsolationForest,S3_ShiftDrift_Window_4,0.0,0.0,0.0,0.007675905956228579,-0.013230165410447109,-0.008363333333333306
IsolationForest,S4_Sensitivity_n_estimators50_contaminationauto,0.0,0.0,0.0,0.014531888227911294,-0.0069059689545305225,-0.004400000000000001
IsolationForest,S4_Sensitivity_n_estimators50_contamination0.01,0.0,0.0,0.0,0.014531888227911294,0.1139798785177279,0.07262
IsolationForest,S4_Sensitivity_n_estimators50_contamination0.05,0.0,0.0,0.0,0.014531888227911294,0.05348986862963599,0.03408
IsolationForest,S4_Sensitivity_n_estimators100_contaminationauto,0.0,0.0,0.0,0.0,-0.0,-0.0
IsolationForest,S4_Sensitivity_n_estimators100_contamination0.01,0.0,0.0,0.0,0.0,0.11350901699810079,0.07232
IsolationForest,S4_Sensitivity_n_estimators100_contamination0.05,0.0,0.0,0.0,0.0,0.05361543170153649,0.03416
IsolationForest,S4_Sensitivity_n_estimators200_contaminationauto,0.0,0.0,0.0,0.0034636034995763065,-0.003704110621066403,-0.002360000000000001
IsolationForest,S4_Sensitivity_n_estimators200_contamination0.01,0.0,0.0,0.0,0.0034636034995763065,0.1137444477579144,0.07247
IsolationForest,S4_Sensitivity_n_estimators200_contamination0.05,0.0,0.0,0.0,0.0034636034995763065,0.053348610173747896,0.03399
LOF,S2_NoiseRobustness_Noise_Std0.01,0.9505,0.2619395375754403,0.4106984682524252,0.64715346721563,0.1491846248018458,-0.0
LOF,S2_NoiseRobustness_Noise_Std0.05,0.9576,0.263896161159644,0.4137662842698815,0.6715597280373429,0.15029899706496322,-0.0
LOF,S2_NoiseRobustness_Missing_Rate0.01,0.5982999999999999,0.164879984567476,0.25851751031607156,0.16550904649956577,0.09390548239762692,-0.0
LOF,S2_NoiseRobustness_Missing_Rate0.05,0.8961,0.24694794278942878,0.38719294834402757,0.4329655152249187,0.1406463359126081,-0.0
LOF,S3_ShiftDrift_Window_1,-0.0032333333333334005,-0.0008717722843862002,-0.001373401188605499,-0.0010142325570302035,-0.0003455615905051945,-0.0
LOF,S3_ShiftDrift_Window_2,-0.004833333333333405,-0.0013530274972374991,-0.0021143101001409002,-1.5748734481346727e-05,-0.0009449656425755959,-0.0
LOF,S3_ShiftDrift_Window_3,-0.0051,-0.0013914517663166995,-0.002186426807025601,-0.0013622967013351417,-0.0006761840800632857,-0.0
LOF,S3_ShiftDrift_Window_4,-0.0067000000000000046,-0.0018581992742364994,-0.002909499427485,-0.0014347484497655438,-0.001161975787528191,-0.0
LOF,S4_Sensitivity_n_neighbors10,0.006499999999999999,0.0017912751122991996,0.0028085639596430977,-0.0008326850210341186,0.001020199959192003,-0.0
LOF,S4_Sensitivity_n_neighbors20,0.0,0.0,0.0,0.0,-0.0,-0.0
LOF,S4_Sensitivity_n_neighbors50,-0.0004000000000000045,-0.00011023231460299994,-0.00017283470520880126,0.002464281243193589,-6.27815359502959e-05,-0.0
DBSCAN,S2_NoiseRobustness_Noise_Std0.01,0.0,0.0,0.0,,-0.0,-0.0
DBSCAN,S2_NoiseRobustness_Noise_Std0.05,0.0,0.0,0.0,,-0.0006278153595028,-0.0004000000000000001
DBSCAN,S2_NoiseRobustness_Missing_Rate0.01,0.0,0.0,0.0,,-0.0013027168709682001,-0.0008300000000000001
DBSCAN,S2_NoiseRobustness_Missing_Rate0.05,0.0,0.0,0.0,,-0.0018206645425579999,-0.00116
DBSCAN,S3_ShiftDrift_Window_1,0.0,0.0,0.0,,-0.0016763120263178,-0.0010700000000000002
DBSCAN,S3_ShiftDrift_Window_2,0.0,0.0,0.0,,-0.0008448435233062001,-0.0005366666666666
DBSCAN,S3_ShiftDrift_Window_3,0.0,0.0,0.0,,-0.0010079157875907997,-0.0006433333333333001
DBSCAN,S3_ShiftDrift_Window_4,0.0,0.0,0.0,,-0.0016815077889781,-0.0010700000000000002
DBSCAN,S4_Sensitivity_eps0.1_min_samples5,0.004054054054054,8.26742359522694e-05,0.0001620439139006,,-0.010358953431795699,-0.0066300000000000005
DBSCAN,S4_Sensitivity_eps0.1_min_samples10,0.0024650780608052,8.26742359522694e-05,0.0001599829351535,,-0.0178456515938662,-0.0114
DBSCAN,S4_Sensitivity_eps0.1_min_samples20,0.0015576323987538,8.26742359522694e-05,0.0001570146285295,,-0.0289736788410528,-0.01849
DBSCAN,S4_Sensitivity_eps0.5_min_samples5,0.0,0.0,0.0,,-0.0,-0.0
DBSCAN,S4_Sensitivity_eps0.5_min_samples10,0.0,0.0,0.0,,-0.0007062922794405999,-0.00045
DBSCAN,S4_Sensitivity_eps0.5_min_samples20,0.0,0.0,0.0,,-0.0015381476307817997,-0.00098
DBSCAN,S4_Sensitivity_eps1.0_min_samples5,0.0,0.0,0.0,,0.0010672861111547,0.0006799999999999999
DBSCAN,S4_Sensitivity_eps1.0_min_samples10,0.0,0.0,0.0,,0.0009731138072293001,0.00062
DBSCAN,S4_Sensitivity_eps1.0_min_samples20,0.0,0.0,0.0,,0.0005336430555774001,0.00033999999999999997
